Industry,Pitchers Gender,Pitchers State,Multiple Entrepreneurs,Original Ask Amount,Original Offered Equity,Valuation Requested,Got Deal,Total Deal Amount,Total Deal Equity,Number of sharks in deal,Royalty Deal,Loan
Health/Wellness,Female,GA,0,50000,15,333333,1,50000,55,1,0,0
Food and Beverage,Male,NJ,0,460000,10,4600000,1,460000,50,2,0,0
Business Services,Male,NC,0,1200000,10,12000000,0,0,0,0,0,0
Lifestyle/Home,Male,FL,0,250000,25,1000000,0,0,0,0,0,0
Software/Tech,Male,MN,0,1000000,15,6666667,0,0,0,0,0,0
Food and Beverage,Female,CA,0,500000,15,3333333,1,500000,50,2,0,0
Children/Education,Male,IL,0,250000,10,2500000,1,250000,100,5,1,0
Automotive,Male,NV,0,500000,10,5000000,0,0,0,0,0,0
Fashion/Beauty,Male,CA,0,200000,20,1000000,0,0,0,0,0,0
Lifestyle/Home,Female,CA,0,100000,20,500000,0,0,0,0,0,0
Food and Beverage,Female,CA,0,35000,35,100000,1,35000,100,1,1,0
Children/Education,Female,GA,0,250000,20,1250000,1,250000,50,1,0,0
Children/Education,Male,OR,0,100000,10,1000000,0,0,0,0,0,0
Children/Education,Male,TX,0,155000,10,1550000,0,0,0,0,0,0
Media/Entertainment,Male,CA,1,500000,5,10000000,0,0,0,0,0,0
Software/Tech,Male,MD,0,150000,30,500000,1,200000,50,2,0,0
Children/Education,Female,CA,1,350000,15,2333333,1,35000,40,1,0,0
Business Services,Male,OR,0,350000,15,2333333,0,0,0,0,0,0
Fashion/Beauty,Female,TX,0,150000,25,600000,0,0,0,0,0,0
Food and Beverage,Male,OH,0,300000,40,750000,0,0,0,0,0,0
Health/Wellness,Male,FL,1,80000,20,400000,1,80000,51,2,0,0
Fitness/Sports/Outdoors,Male,IA,0,180000,20,900000,1,180000,50,1,0,0
Business Services,Female,PA,0,50000,25,200000,0,0,0,0,0,0
Food and Beverage,Male,CA,0,175000,25,700000,0,0,0,0,0,0
Health/Wellness,Female,CA,0,50000,30,166667,0,0,0,0,0,0
Food and Beverage,Male,VA,1,50000,10,500000,1,50000,50,1,0,0
Fitness/Sports/Outdoors,Male,IL,0,150000,15,1000000,1,150000,30,1,1,0
Fashion/Beauty,Mixed Team,CO,1,55000,25,220000,0,0,0,0,0,0
Fashion/Beauty,Female,NC,0,125000,20,625000,0,0,0,0,0,0
Food and Beverage,Male,CA,0,150000,25,600000,0,0,0,0,0,0
Food and Beverage,Male,IN,0,125000,25,500000,1,300000,51,3,0,0
Fashion/Beauty,Female,SC,0,50000,25,200000,1,50000,20,1,0,0
Fitness/Sports/Outdoors,Female,CA,1,700000,70,1000000,0,0,0,0,0,0
Media/Entertainment,Male,NY,1,300000,20,1500000,0,0,0,0,0,0
Pet Products,Female,CA,0,150000,20,750000,1,100000,60,2,0,0
Software/Tech,Male,CA,1,90000,10,900000,1,90000,25,1,0,0
Fashion/Beauty,Male,CA,0,50000,25,200000,0,0,0,0,0,0
Fashion/Beauty,Male,CA,0,500000,25,2000000,0,0,0,0,0,0
Fashion/Beauty,Female,TX,0,250000,20,1250000,1,250000,50,2,0,0
Food and Beverage,Male,CA,0,50000,10,500000,1,50000,20,1,0,0
Pet Products,Male,NY,1,300000,15,2000000,0,0,0,0,0,0
Electronics,Male,NY,1,1500000,10,15000000,0,0,0,0,0,0
Fitness/Sports/Outdoors,Male,FL,0,25000,51,49020,1,25000,70,1,0,0
Children/Education,Male,IL,1,150000,10,1500000,1,600000,50,2,0,0
Children/Education,Male,FL,0,75000,18,416667,0,0,0,0,0,0
Electronics,Mixed Team,NY,1,50000,25,200000,0,0,0,0,0,0
Fitness/Sports/Outdoors,Mixed Team,PA,1,500000,20,2500000,1,500000,50,1,0,0
Food and Beverage,Female,CA,0,50000,10,500000,1,50000,40,1,0,0
Electronics,Male,TN,0,150000,20,750000,0,0,0,0,0,0
Children/Education,Mixed Team,VA,1,300000,10,3000000,0,0,0,0,0,0
Fitness/Sports/Outdoors,Male,GA,0,85000,40,212500,0,0,0,0,0,0
Lifestyle/Home,Mixed Team,TX,1,40000,40,100000,1,40000,40,2,0,0
Children/Education,Mixed Team,NJ,1,200000,30,666667,0,0,0,0,0,0
Lifestyle/Home,Mixed Team,CA,1,250000,33,757576,0,0,0,0,0,0
Fashion/Beauty,Male,NY,0,30000,20,150000,0,0,0,0,0,0
Food and Beverage,Male,PA,0,200000,25,800000,1,200000,50,1,0,0
Fashion/Beauty,Female,TN,0,105000,30,350000,1,105000,50,2,0,0
Business Services,Mixed Team,CA,1,200000,15,1333333,0,0,0,0,0,0
Food and Beverage,Male,CA,0,48000,25,192000,0,0,0,0,0,0
Fashion/Beauty,Male,MA,0,200000,25,800000,1,200000,51,1,0,0
Children/Education,Male,FL,0,90000,51,176471,1,90000,51,1,0,0
Children/Education,Female,IL,1,86000,20,430000,0,0,0,0,0,0
Fashion/Beauty,Female,IL,0,150000,15,1000000,0,0,0,0,0,0
Green/CleanTech,Mixed Team,CA,1,125000,10,1250000,0,0,0,0,0,0
Fashion/Beauty,Male,FL,0,85000,10,850000,1,100000,40,2,0,0
Fitness/Sports/Outdoors,Female,TX,1,30000,5,600000,1,100000,30,2,0,0
Food and Beverage,Male,TN,0,200000,25,800000,0,0,0,0,0,0
Food and Beverage,Male,OR,0,300000,5,6000000,0,0,0,0,0,0
Children/Education,Female,CA,0,100000,10,1000000,1,200000,35,2,0,0
Health/Wellness,Male,FL,0,500000,10,5000000,1,750000,30,3,1,0
Fitness/Sports/Outdoors,Male,CA,0,500000,20,2500000,0,0,0,0,0,0
Food and Beverage,Male,CA,0,40000,20,200000,0,0,0,0,0,0
Lifestyle/Home,Female,AZ,0,90000,25,360000,1,90000,33,1,1,0
Fashion/Beauty,Mixed Team,NC,1,100000,20,500000,1,100000,25,1,0,0
Fitness/Sports/Outdoors,Male,KS,0,140000,15,933333,0,0,0,0,0,0
Lifestyle/Home,Male,WA,0,150000,10,1500000,0,0,0,0,0,0
Food and Beverage,Male,NY,0,50000,20,250000,1,50000,40,1,0,0
Fashion/Beauty,Male,FL,0,50000,25,200000,1,75000,25,2,1,0
Travel,Mixed Team,GA,1,50000,25,200000,1,50000,25,1,0,0
Food and Beverage,Male,NC,0,25000,20,125000,0,0,0,0,0,0
Automotive,Male,IL,1,100000,5,2000000,1,10000,70,2,0,0
Lifestyle/Home,Female,OH,0,100000,30,333333,1,100000,50,2,0,0
Fashion/Beauty,Male,IL,0,500000,30,1666667,0,0,0,0,0,0
Fashion/Beauty,Female,IN,0,80000,20,400000,0,0,0,0,0,0
Lifestyle/Home,Male,AZ,0,40000,25,160000,1,75000,33,1,0,0
Food and Beverage,Female,SC,0,50000,25,200000,1,50000,25,1,0,0
Fashion/Beauty,Female,MD,0,30000,20,150000,0,0,0,0,0,0
Fitness/Sports/Outdoors,Mixed Team,MN,1,60000,20,300000,0,0,0,0,0,0
Fitness/Sports/Outdoors,Male,TX,0,50000,25,200000,1,50000,50,1,0,0
Children/Education,Male,CA,0,30000,15,200000,0,0,0,0,0,0
Green/CleanTech,Male,MD,0,90000,20,450000,0,0,0,0,0,0
Media/Entertainment,Male,TX,1,500000,10,5000000,0,0,0,0,0,0
Uncertain/Other,Male,AR,0,500000,40,1250000,1,1250000,100,1,0,0
Electronics,Male,CA,1,150000,15,1000000,1,150000,15,1,0,0
Lifestyle/Home,Male,OK,0,50000,25,200000,0,0,0,0,0,0
Lifestyle/Home,Female,NJ,0,250000,15,1666667,0,0,0,0,0,0
Fashion/Beauty,Male,IL,0,180000,45,400000,1,180000,45,1,0,0
Fashion/Beauty,Female,FL,0,500000,20,2500000,1,500000,35,1,0,0
Pet Products,Female,PA,0,100000,15,666667,1,100000,20,1,0,0
Fashion/Beauty,Female,IL,0,50000,15,333333,0,0,0,0,0,0
Media/Entertainment,Male,FL,0,150000,15,1000000,1,150000,30,2,0,0
Food and Beverage,Male,CA,0,60000,5,1200000,1,60000,8,1,0,0
Business Services,Female,MN,1,100000,10,1000000,0,0,0,0,0,0
Business Services,Male,CA,0,200000,10,2000000,0,0,0,0,0,0
Software/Tech,Male,IL,0,10000,25,40000,1,25000,33,1,0,0
Business Services,Male,CT,0,90000,40,225000,0,0,0,0,0,0
Automotive,Male,NC,0,100000,10,1000000,0,0,0,0,0,0
Media/Entertainment,Male,OH,0,1500000,20,7500000,0,0,0,0,0,0
Fashion/Beauty,Female,TX,0,55000,20,275000,1,50000,50,1,0,0
Media/Entertainment,Male,AL,0,125000,10,1250000,1,175000,20,1,0,0
Fashion/Beauty,Male,FL,0,100000,5,2000000,0,0,0,0,0,0
Electronics,Male,CA,0,50000,50,100000,0,0,0,0,0,0
Food and Beverage,Male,OH,0,40000,30,133333,1,400000,100,1,0,0
Fashion/Beauty,Female,CA,0,50000,25,200000,1,75000,25,1,0,0
Fashion/Beauty,Female,CA,0,30000,35,85714,0,0,0,0,0,0
Pet Products,Female,PA,0,50000,25,200000,0,0,0,0,0,0
Lifestyle/Home,Mixed Team,RI,1,40000,20,200000,1,40000,60,1,0,0
Food and Beverage,Male,CA,1,250000,20,1250000,1,250000,35,1,0,0
Fashion/Beauty,Female,TX,1,300000,15,2000000,1,300000,30,3,0,0
Lifestyle/Home,Female,FL,0,30000,25,120000,0,0,0,0,0,0
Lifestyle/Home,Male,TX,0,150000,15,1000000,1,150000,65,1,0,0
Food and Beverage,Female,AZ,0,100000,25,400000,1,100000,25,1,0,0
Fashion/Beauty,Male,AZ,0,35000,20,175000,0,0,0,0,0,0
Lifestyle/Home,Male,MT,0,250000,25,1000000,0,0,0,0,0,0
Fashion/Beauty,Male,UT,1,200000,20,1000000,1,200000,40,1,0,0
Food and Beverage,Mixed Team,FL,1,75000,25,300000,1,75000,40,1,1,0
Fashion/Beauty,Male,ID,0,500000,15,3333333,0,0,0,0,0,0
Lifestyle/Home,Male,KS,0,100000,50,200000,0,0,0,0,0,0
Fashion/Beauty,Female,CA,1,80000,51,156863,1,80000,51,2,0,0
Fashion/Beauty,Male,FL,1,75000,12,625000,1,75000,50,1,0,0
Fitness/Sports/Outdoors,Male,PA,0,75000,15,500000,0,0,0,0,0,0
Lifestyle/Home,Male,CA,0,150000,20,750000,0,0,0,0,0,0
Fitness/Sports/Outdoors,Male,CA,0,150000,10,1500000,1,150000,30,1,0,0
Media/Entertainment,Male,CA,0,300000,5,6000000,1,300000,8,1,0,0
Fashion/Beauty,Mixed Team,FL,1,100000,25,400000,0,0,0,0,0,0
Food and Beverage,Male,CO,0,75000,30,250000,0,0,0,0,0,0
Fitness/Sports/Outdoors,Female,CA,1,300000,15,2000000,1,300000,50,1,0,0
Fashion/Beauty,Male,CA,0,125000,15,833333,0,0,0,0,0,0
Food and Beverage,Male,CT,1,125000,15,833333,0,0,0,0,0,0
Pet Products,Male,CA,0,100000,51,196078,0,0,0,0,0,0
Fitness/Sports/Outdoors,Male,NY,0,500000,20,2500000,0,0,0,0,0,0
Food and Beverage,Female,IN,0,200000,3,6666667,0,0,0,0,0,0
Food and Beverage,Male,OR,0,300000,5,6000000,0,0,0,0,0,0
Green/CleanTech,Male,TX,0,1000000,10,10000000,0,0,0,0,0,0
Children/Education,Mixed Team,CA,1,100000,15,666667,1,100000,40,2,0,0
Fashion/Beauty,Female,CT,0,50000,20,250000,1,50000,40,1,0,0
Fashion/Beauty,Mixed Team,NY,1,540000,20,2700000,0,0,0,0,0,0
Fashion/Beauty,Female,PA,1,57000,30,190000,0,0,0,0,0,0
Fitness/Sports/Outdoors,Male,TX,0,500000,33,1515152,1,500000,42,2,0,0
Fashion/Beauty,Mixed Team,GA,1,100000,30,333333,1,500000,40,2,0,0
Travel,Male,CA,0,250000,15,1666667,0,0,0,0,0,0
Fitness/Sports/Outdoors,Male,NY,0,3000000,20,15000000,0,0,0,0,0,0
Fitness/Sports/Outdoors,Male,CA,0,100000,20,500000,1,100000,50,2,0,0
Food and Beverage,Female,OR,1,50000,10,500000,1,50000,40,1,0,0
Fashion/Beauty,Male,NY,1,50000,5,1000000,1,50000,25,1,0,0
Media/Entertainment,Male,CA,0,200000,20,1000000,0,0,0,0,0,0
Fashion/Beauty,Male,NC,0,50000,10,500000,1,50000,80,1,0,0
Software/Tech,Male,FL,0,500000,33,1515152,1,500000,40,2,0,0
Fitness/Sports/Outdoors,Mixed Team,OH,1,250000,10,2500000,0,0,0,0,0,0
Food and Beverage,Male,TX,0,150000,30,500000,0,0,0,0,0,0
Liquor/Alcohol,Male,CO,0,50000,10,500000,1,50000,51,1,0,0
Lifestyle/Home,Female,MA,1,125000,7,1785714,1,250000,25,5,0,0
Business Services,Male,NY,0,200000,10,2000000,0,0,0,0,0,0
Fashion/Beauty,Male,AZ,0,100000,10,1000000,0,0,0,0,0,0
Fitness/Sports/Outdoors,Mixed Team,NH,1,150000,10,1500000,1,300000,30,1,0,0
Software/Tech,Male,CA,0,50000,5,1000000,1,75000,30,2,0,0
Business Services,Male,GA,0,50000,10,500000,0,0,0,0,0,0
Food and Beverage,Female,NE,1,250000,33,757576,0,0,0,0,0,0
Fashion/Beauty,Male,FL,0,100000,20,500000,1,100000,40,2,0,0
Health/Wellness,Male,OR,1,100000,15,666667,1,100000,30,1,0,0
Children/Education,Female,LA,0,500000,15,3333333,0,0,0,0,0,0
Food and Beverage,Mixed Team,VT,1,200000,10,2000000,0,0,0,0,0,0
Lifestyle/Home,Male,MO,1,40000,33,121212,1,40000,33,1,0,0
Food and Beverage,Mixed Team,FL,1,150000,15,1000000,1,150000,25,2,0,0
Lifestyle/Home,Male,UT,0,85000,12,708333,0,0,0,0,0,0
Lifestyle/Home,Male,OK,0,2000000,10,20000000,0,0,0,0,0,0
Fashion/Beauty,Female,CA,0,50000,25,200000,1,50000,30,1,0,0
Health/Wellness,Male,CA,1,200000,10,2000000,1,200000,25,1,0,0
Food and Beverage,Male,WA,0,75000,25,300000,0,0,0,0,0,0
Food and Beverage,Female,SC,0,50000,40,125000,0,0,0,0,0,0
Food and Beverage,Mixed Team,NJ,1,250000,15,1666667,1,250000,30,1,0,0
Food and Beverage,Male,CA,1,55000,5,1100000,1,55000,15,1,0,0
Food and Beverage,Male,NC,0,200000,10,2000000,0,0,0,0,0,0
Lifestyle/Home,Mixed Team,CA,1,175000,15,1166667,0,0,0,0,0,0
Fitness/Sports/Outdoors,Male,WA,1,300000,10,3000000,1,300000,33,2,0,0
Lifestyle/Home,Male,PA,0,100000,10,1000000,1,200000,20,1,0,0
Fashion/Beauty,Male,CA,0,60000,20,300000,0,0,0,0,0,0
Pet Products,Mixed Team,CO,1,125000,20,625000,0,0,0,0,0,0
Children/Education,Female,CA,0,65000,25,260000,1,65000,35,1,0,0
Food and Beverage,Male,CA,0,90000,5,1800000,1,90000,8,1,0,0
Pet Products,Male,CA,0,25000,15,166667,0,0,0,0,0,0
Uncertain/Other,Male,CA,0,150000,20,750000,1,150000,30,1,0,0
Food and Beverage,Female,WA,1,250000,15,1666667,1,125000,20,2,0,0
Software/Tech,Male,CA,0,250000,10,2500000,0,0,0,0,0,0
Software/Tech,Male,MA,0,150000,15,1000000,0,0,0,0,0,0
Fashion/Beauty,Male,CA,0,75000,10,750000,1,150000,20,2,0,0
Fashion/Beauty,Female,NY,0,35000,10,350000,0,0,0,0,0,0
Fashion/Beauty,Male,NY,1,100000,25,400000,0,0,0,0,0,0
Food and Beverage,Male,CA,1,105000,20,525000,0,0,0,0,0,0
Lifestyle/Home,Male,CA,0,150000,30,500000,1,150000,40,1,0,0
Children/Education,Female,CA,1,150000,15,1000000,1,150000,15,1,0,0
Fashion/Beauty,Mixed Team,CA,1,100000,20,500000,0,0,0,0,0,0
Food and Beverage,Female,NY,0,250000,5,5000000,0,0,0,0,0,0
Children/Education,Female,CO,0,50000,15,333333,1,75000,40,1,0,0
Fashion/Beauty,Male,TX,0,450000,25,1800000,1,450000,35,2,0,0
Food and Beverage,Male,CA,0,50000,30,166667,0,0,0,0,0,0
Lifestyle/Home,Male,CA,1,100000,33,303030,0,0,0,0,0,0
Food and Beverage,Male,NJ,1,150000,5,3000000,1,150000,0,4,1,0
Children/Education,Female,CA,0,50000,10,500000,1,100000,30,1,1,0
Lifestyle/Home,Male,CA,1,300000,12,2500000,1,300000,15,1,0,0
Food and Beverage,Mixed Team,UT,1,300000,12,2500000,0,0,0,0,0,0
Electronics,Male,MN,0,54000,26,207692,1,54000,40,1,0,0
Children/Education,Mixed Team,FL,1,40000,14,285714,0,0,0,0,0,0
Children/Education,Male,CA,0,400000,20,2000000,0,0,0,0,0,0
Fitness/Sports/Outdoors,Mixed Team,CO,1,400000,8,5000000,0,0,0,0,0,0
Lifestyle/Home,Mixed Team,NJ,1,90000,15,600000,1,90000,20,1,0,0
Food and Beverage,Male,CA,1,75000,10,750000,1,75000,15,2,0,0
Fashion/Beauty,Female,CA,0,300000,20,1500000,0,0,0,0,0,0
Food and Beverage,Male,TX,1,50000,100,50000,0,0,0,0,0,0
Automotive,Mixed Team,NJ,1,100000,15,666667,1,100000,30,2,0,0
Food and Beverage,Male,TX,1,1000000,12,8333333,1,1000000,20,1,0,0
Food and Beverage,Female,CA,0,75000,25,300000,0,0,0,0,0,0
Health/Wellness,Female,NY,0,100000,30,333333,0,0,0,0,0,0
Children/Education,Female,GA,1,90000,20,450000,0,0,0,0,0,0
Fashion/Beauty,Female,TX,1,150000,35,428571,0,0,0,0,0,0
Fashion/Beauty,Male,ID,1,150000,10,1500000,0,0,0,0,0,0
Fitness/Sports/Outdoors,Male,MS,1,150000,5,3000000,0,0,0,0,0,0
Fashion/Beauty,Female,AR,0,70000,30,233333,1,70000,70,1,0,0
Food and Beverage,Male,RI,1,250000,20,1250000,1,250000,30,2,0,0
Health/Wellness,Male,CO,1,80000,20,400000,0,0,0,0,0,0
Health/Wellness,Female,CA,0,250000,10,2500000,0,0,0,0,0,0
Lifestyle/Home,Male,FL,0,200000,20,1000000,1,200000,58,1,0,0
Fitness/Sports/Outdoors,Male,CO,0,120000,25,480000,1,125000,25,1,0,0
Children/Education,Mixed Team,OR,1,150000,10,1500000,0,0,0,0,0,0
Electronics,Male,PA,1,160000,20,800000,0,0,0,0,0,0
Lifestyle/Home,Male,FL,0,100000,40,250000,1,250000,100,1,1,0
Fashion/Beauty,Female,PA,0,100000,10,1000000,1,100000,33,1,0,0
Automotive,Male,CA,1,300000,15,2000000,1,300000,20,1,0,0
Food and Beverage,Male,MN,1,225000,25,900000,0,0,0,0,0,0
Travel,Male,CA,0,300000,10,3000000,1,300000,40,1,0,0
Food and Beverage,Male,NV,1,100000,10,1000000,1,100000,33,1,0,0
Fashion/Beauty,Male,LA,0,100000,15,666667,0,0,0,0,0,0
Food and Beverage,Male,IL,0,150000,20,750000,0,0,0,0,0,0
Food and Beverage,Female,MA,1,75000,20,375000,1,75000,0,1,1,0
Fashion/Beauty,Male,UT,0,50000,20,250000,1,50000,37.5,1,0,0
Fitness/Sports/Outdoors,Male,FL,1,80000,20,400000,1,80000,33,1,0,0
Green/CleanTech,Male,OH,0,2000000,22,9090909,0,0,0,0,0,0
Food and Beverage,Female,CA,0,200000,20,1000000,1,200000,50,2,0,0
Food and Beverage,Mixed Team,AZ,1,75000,15,500000,1,75000,30,1,0,0
Lifestyle/Home,Male,VT,0,400000,25,1600000,0,0,0,0,0,0
Pet Products,Male,PA,0,130000,40,325000,0,0,0,0,0,0
Media/Entertainment,Male,CA,1,300000,10,3000000,1,300000,33,1,0,0
Fitness/Sports/Outdoors,Female,VA,0,300000,20,1500000,1,300000,32,2,0,0
Food and Beverage,Female,FL,1,250000,30,833333,0,0,0,0,0,0
Media/Entertainment,Male,CA,1,5000000,34,14705882,0,0,0,0,0,0
Fashion/Beauty,Female,NJ,1,150000,25,600000,1,150000,35,2,0,0
Fashion/Beauty,Male,WA,0,100000,5,2000000,1,300000,25,1,0,0
Travel,Male,NY,0,100000,10,1000000,0,0,0,0,0,0
Food and Beverage,Male,CO,0,100000,25,400000,0,0,0,0,0,0
Pet Products,Male,CT,1,25000,25,100000,1,25000,25,1,0,0
Business Services,Male,NY,1,250000,15,1666667,1,250000,20,1,0,0
Food and Beverage,Male,OH,1,600000,10,6000000,1,600000,15,2,0,0
Software/Tech,Female,CA,0,200000,10,2000000,0,0,0,0,0,0
Food and Beverage,Male,TX,0,250000,10,2500000,1,250000,25,2,0,0
Software/Tech,Male,CA,0,300000,5,6000000,1,300000,7.5,1,0,0
Food and Beverage,Female,WA,0,125000,20,625000,0,0,0,0,0,0
Health/Wellness,Male,AZ,1,50000,20,250000,0,0,0,0,0,0
Pet Products,Female,NY,0,150000,33,454545,1,150000,40,2,0,0
Health/Wellness,Male,CA,0,250000,10,2500000,1,1000000,30,5,0,0
Food and Beverage,Female,VA,1,75000,20,375000,0,0,0,0,0,0
Uncertain/Other,Male,MI,0,10000,10,100000,0,0,0,0,0,0
Travel,Male,TX,0,200000,15,1333333,1,200000,33,1,0,0
Food and Beverage,Male,CA,0,300000,10,3000000,1,150000,15,1,0,150000
Children/Education,Female,IL,0,35000,33,106061,0,0,0,0,0,0
Food and Beverage,Female,CA,1,50000,20,250000,0,0,0,0,0,0
Lifestyle/Home,Mixed Team,NY,1,30000,25,120000,1,30000,50,1,0,0
Fitness/Sports/Outdoors,Male,CA,0,100000,15,666667,1,300000,30,1,0,0
Lifestyle/Home,Male,CA,0,75000,10,750000,0,0,0,0,0,0
Software/Tech,Male,CA,0,1000000,5,20000000,0,0,0,0,0,0
Food and Beverage,Mixed Team,CA,1,75000,15,500000,1,75000,20,2,0,0
Fashion/Beauty,Mixed Team,TX,1,600000,7,8571429,1,600000,9,1,0,0
Lifestyle/Home,Female,CA,0,50000,20,250000,0,0,0,0,0,0
Pet Products,Male,CA,1,150000,25,600000,0,0,0,0,0,0
Business Services,Mixed Team,NJ,1,200000,20,1000000,1,200000,50,1,0,0
Media/Entertainment,Female,CA,0,2000000,10,20000000,1,2000000,20,1,0,0
Lifestyle/Home,Male,UT,0,90000,10,900000,1,250000,12,1,0,0
Uncertain/Other,Mixed Team,TX,1,50000,20,250000,0,0,0,0,0,0
Lifestyle/Home,Male,NY,0,300000,15,2000000,1,300000,25,1,0,0
Green/CleanTech,Male,FL,0,150000,20,750000,1,150000,20,1,0,0
Green/CleanTech,Male,MO,1,400000,7,5714286,1,400000,17,1,0,400000
Fitness/Sports/Outdoors,Male,CA,0,250000,20,1250000,0,0,0,0,0,0
Lifestyle/Home,Male,NY,0,250000,20,1250000,1,250000,33,2,0,200000
Food and Beverage,Female,CA,0,160000,20,800000,0,0,0,0,0,0
Health/Wellness,Male,CA,0,500000,12.5,4000000,0,0,0,0,0,0
Pet Products,Male,CA,0,200000,20,1000000,0,0,0,0,0,0
Children/Education,Female,DC,0,110000,10,1100000,0,0,0,0,0,0
Food and Beverage,Female,NC,0,150000,15,1000000,0,0,0,0,0,0
Lifestyle/Home,Male,CA,0,700000,10,7000000,0,0,0,0,0,0
Software/Tech,Male,MI,0,500000,15,3333333,0,0,0,0,0,0
Fashion/Beauty,Mixed Team,TX,1,175000,10,1750000,1,87500,10,1,0,87500
Children/Education,Mixed Team,CA,1,150000,15,1000000,1,150000,20,2,0,150000
Fashion/Beauty,Female,CA,1,55000,12,458333,1,55000,15,1,0,0
Food and Beverage,Male,NY,0,500000,20,2500000,0,0,0,0,0,0
Food and Beverage,Mixed Team,OH,1,300000,15,2000000,1,300000,30,1,0,0
Fashion/Beauty,Mixed Team,CA,1,450000,15,3000000,0,0,0,0,0,0
Fitness/Sports/Outdoors,Female,NY,0,150000,30,500000,0,0,0,0,0,0
Electronics,Male,TX,0,2000000,10,20000000,0,0,0,0,0,0
Fashion/Beauty,Male,CA,0,100000,5,2000000,1,100000,10,1,0,0
Lifestyle/Home,Male,CA,0,50000,15,333333,1,50000,35,1,0,0
Fashion/Beauty,Female,CA,1,45000,15,300000,0,0,0,0,0,0
Lifestyle/Home,Male,TX,0,125000,20,625000,0,0,0,0,0,0
Software/Tech,Mixed Team,CA,1,150000,20,750000,1,150000,80,2,0,0
Lifestyle/Home,Male,DE,0,150000,10,1500000,1,150000,0,1,1,0
Children/Education,Male,AZ,0,30000,20,150000,0,0,0,0,0,0
Software/Tech,Male,DC,0,50000,10,500000,0,0,0,0,0,0
Children/Education,Male,MS,1,175000,10,1750000,1,175000,50,2,0,0
Software/Tech,Male,CA,1,125000,10,1250000,1,125000,10,1,1,0
Children/Education,Male,FL,0,250000,30,833333,0,0,0,0,0,0
Fashion/Beauty,Female,AK,0,100000,20,500000,0,0,0,0,0,0
Children/Education,Mixed Team,KS,1,60000,5,1200000,1,60000,20,1,0,0
Children/Education,Female,UT,0,150000,10,1500000,1,150000,25,1,0,0
Fitness/Sports/Outdoors,Male,CA,0,300000,20,1500000,0,0,0,0,0,0
Health/Wellness,Male,UT,0,200000,30,666667,0,0,0,0,0,0
Food and Beverage,Female,IL,0,50000,20,250000,1,100000,30,2,0,0
Software/Tech,Male,GA,0,90000,5,1800000,1,500000,15,2,0,0
Fitness/Sports/Outdoors,Male,TX,0,2000000,10,20000000,0,0,0,0,0,0
Food and Beverage,Mixed Team,CA,1,250000,10,2500000,0,0,0,0,0,0
Children/Education,Male,UT,0,100000,15,666667,1,150000,45,1,0,0
Food and Beverage,Female,GA,0,100000,25,400000,1,100000,38,1,0,0
Fitness/Sports/Outdoors,Male,GA,0,200000,5,4000000,0,0,0,0,0,0
Food and Beverage,Male,OR,0,50000,15,333333,0,0,0,0,0,0
Lifestyle/Home,Mixed Team,CA,1,200000,10,2000000,1,200000,10,1,0,0
Health/Wellness,Female,GA,0,500000,5,10000000,0,0,0,0,0,0
Lifestyle/Home,Female,CA,0,75000,20,375000,0,0,0,0,0,0
Software/Tech,Female,NY,0,100000,10,1000000,0,0,0,0,0,0
Fashion/Beauty,Male,NY,0,200000,25,800000,1,200000,35,1,0,0
Fitness/Sports/Outdoors,Male,CA,0,150000,10,1500000,1,300000,10,1,0,0
Children/Education,Mixed Team,CA,1,80000,20,400000,0,0,0,0,0,0
Fashion/Beauty,Male,IL,0,75000,25,300000,0,0,0,0,0,0
Food and Beverage,Male,WA,0,150000,25,600000,1,300000,75,2,0,0
Health/Wellness,Mixed Team,CA,1,100000,17.5,571429,1,100000,25,1,0,0
Software/Tech,Male,CA,0,100000,20,500000,1,100000,20,2,0,0
Food and Beverage,Male,VA,0,100000,20,500000,0,0,0,0,0,0
Children/Education,Mixed Team,IL,1,200000,10,2000000,0,0,0,0,0,0
Food and Beverage,Male,UT,0,50000,5,1000000,1,50000,15,1,0,0
Lifestyle/Home,Male,CA,0,275000,30,916667,1,275000,35,1,0,0
Lifestyle/Home,Male,MA,0,25000,20,125000,0,0,0,0,0,0
Food and Beverage,Male,NY,0,500000,4,12500000,1,500000,5.6,1,0,0
Lifestyle/Home,Female,TX,0,100000,30,333333,1,100000,35,2,0,0
Lifestyle/Home,Male,NJ,0,50000,10,500000,1,100000,20,1,0,0
Food and Beverage,Male,UT,0,500000,10,5000000,0,0,0,0,0,0
Business Services,Male,CA,1,225000,15,1500000,1,225000,30,3,0,0
Fashion/Beauty,Male,KY,0,375000,15,2500000,1,375000,25,1,0,0
Fashion/Beauty,Female,GA,1,75000,20,375000,1,100000,40,2,0,0
Food and Beverage,Male,TX,0,500000,30,1666667,0,0,0,0,0,0
Children/Education,Male,IL,1,125000,20,625000,1,125000,20,2,0,0
Food and Beverage,Male,UT,0,250000,10,2500000,1,250000,12,1,0,0
Lifestyle/Home,Male,CA,0,150000,10,1500000,0,0,0,0,0,0
Software/Tech,Male,TX,0,100000,10,1000000,0,0,0,0,0,0
Children/Education,Mixed Team,DC,1,250000,15,1666667,1,250000,30,1,0,0
Electronics,Male,TX,1,350000,15,2333333,1,350000,25,1,0,0
Children/Education,Female,FL,0,75000,15,500000,0,0,0,0,0,0
Food and Beverage,Male,NV,0,250000,10,2500000,0,0,0,0,0,0
Fitness/Sports/Outdoors,Male,MA,1,1000000,10,10000000,1,1750000,25,1,0,0
Health/Wellness,Male,UT,0,75000,20,375000,1,75000,40,1,0,0
Fashion/Beauty,Male,TN,0,50000,20,250000,0,0,0,0,0,0
Food and Beverage,Male,UT,0,1000000,10,10000000,0,0,0,0,0,0
Fashion/Beauty,Male,CA,0,500000,10,5000000,1,500000,15,1,0,0
Lifestyle/Home,Male,TX,0,80000,30,266667,1,80000,30,2,0,0
Lifestyle/Home,Male,CA,0,258000,3,8600000,0,0,0,0,0,0
Lifestyle/Home,Female,NY,0,250000,10,2500000,0,0,0,0,0,0
Fitness/Sports/Outdoors,Male,CA,0,500000,12,4166667,1,500000,25,1,0,0
Food and Beverage,Female,CA,0,150000,35,428571,1,150000,35,1,0,0
Food and Beverage,Mixed Team,CA,1,200000,20,1000000,1,200000,40,1,0,0
Fitness/Sports/Outdoors,Male,WA,0,250000,25,1000000,0,0,0,0,0,0
Software/Tech,Female,CA,1,75000,15,500000,1,100000,40,1,0,0
Lifestyle/Home,Female,IL,0,50000,20,250000,1,50000,40,1,0,0
Children/Education,Male,IL,0,125000,10,1250000,0,0,0,0,0,0
Food and Beverage,Mixed Team,IN,1,400000,20,2000000,0,0,0,0,0,0
Children/Education,Mixed Team,TX,1,200000,10,2000000,1,200000,20,1,0,0
Fashion/Beauty,Male,NY,0,200000,5,4000000,1,200000,17.5,1,0,0
Fashion/Beauty,Male,CA,0,200000,20,1000000,0,0,0,0,0,0
Electronics,Male,DC,0,200000,20,1000000,0,0,0,0,0,0
Fitness/Sports/Outdoors,Male,CA,0,150000,15,1000000,1,150000,30,1,0,0
Children/Education,Female,CA,0,500000,5,10000000,1,500000,5,2,0,0
Lifestyle/Home,Male,NC,0,75000,15,500000,0,0,0,0,0,0
Lifestyle/Home,Male,NV,0,125000,20,625000,0,0,0,0,0,0
Pet Products,Female,CA,0,25000,10,250000,1,50000,40,1,0,0
Children/Education,Male,CA,1,260000,10,2600000,0,0,0,0,0,0
Children/Education,Male,IL,0,60000,30,200000,0,0,0,0,0,0
Fashion/Beauty,Mixed Team,CA,1,150000,5,3000000,0,0,0,0,0,0
Children/Education,Male,UT,0,35000,25,140000,1,35000,50,1,0,0
Lifestyle/Home,Male,TX,1,150000,5,3000000,1,150000,15,1,0,0
Food and Beverage,Female,MI,0,285000,25,1140000,0,0,0,0,0,0
Lifestyle/Home,Male,TX,0,100000,25,400000,0,0,0,0,0,0
Fashion/Beauty,Mixed Team,GA,1,600000,5,12000000,1,1200000,20,2,0,0
Fashion/Beauty,Male,CA,1,300000,5,6000000,1,300000,20,1,0,0
Children/Education,Mixed Team,UT,1,100000,20,500000,0,0,0,0,0,0
Fitness/Sports/Outdoors,Female,NC,0,100000,20,500000,0,0,0,0,0,0
Software/Tech,Mixed Team,CA,1,400000,10,4000000,1,400000,0,1,1,0
Food and Beverage,Mixed Team,TX,1,200000,10,2000000,1,1000000,33,1,0,0
Food and Beverage,Male,WI,1,500000,35,1428571,0,0,0,0,0,0
Software/Tech,Male,CA,1,250000,10,2500000,0,0,0,0,0,0
Children/Education,Female,MO,0,60000,10,600000,1,75000,25,1,0,0
Fitness/Sports/Outdoors,Male,GA,0,500000,5,10000000,1,500000,20,1,0,0
Children/Education,Male,NY,1,1500000,5,30000000,0,0,0,0,0,0
Fashion/Beauty,Male,CA,0,400000,15,2666667,0,0,0,0,0,0
Fitness/Sports/Outdoors,Female,KY,0,100000,20,500000,1,125000,25,1,0,0
Food and Beverage,Male,AZ,1,150000,10,1500000,1,150000,20,2,0,0
Fashion/Beauty,Male,VA,0,200000,29,689655,0,0,0,0,0,0
Pet Products,Mixed Team,OH,1,75000,15,500000,0,0,0,0,0,0
Food and Beverage,Female,OR,0,125000,20,625000,1,125000,30,1,0,0
Lifestyle/Home,Mixed Team,UT,1,350000,5,7000000,1,350000,10,1,0,0
Food and Beverage,Mixed Team,NY,1,200000,10,2000000,1,200000,10,1,1,0
Lifestyle/Home,Male,FL,0,100000,10,1000000,0,0,0,0,0,0
Food and Beverage,Female,CA,0,100000,20,500000,1,100000,33,1,0,0
Lifestyle/Home,Male,CA,0,160000,20,800000,1,160000,30,1,0,0
Food and Beverage,Male,CA,1,100000,5,2000000,1,100000,20,2,0,0
Food and Beverage,Male,NY,0,100000,15,666667,0,0,0,0,0,0
Lifestyle/Home,Male,NY,0,500000,30,1666667,1,500000,33,1,0,0
Fashion/Beauty,Mixed Team,OK,1,500000,20,2500000,1,500000,30,1,0,0
Food and Beverage,Male,CA,0,2500000,10,25000000,1,2500000,10,1,0,0
Fashion/Beauty,Female,TX,0,125000,20,625000,0,0,0,0,0,0
Lifestyle/Home,Female,CA,0,50000,10,500000,1,100000,49,1,0,0
Health/Wellness,Female,CA,1,20000,20,100000,1,25000,25,2,0,0
Lifestyle/Home,Male,OH,0,150000,10,1500000,1,150000,15,2,0,0
Lifestyle/Home,Male,NV,0,75000,20,375000,0,0,0,0,0,0
Food and Beverage,Mixed Team,NY,1,275000,11,2500000,1,275000,25,1,0,0
Lifestyle/Home,Male,CA,0,250000,10,2500000,1,250000,12,1,0,0
Fashion/Beauty,Female,NY,0,100000,20,500000,0,0,0,0,0,0
Software/Tech,Female,CA,1,500000,5,10000000,0,0,0,0,0,0
Fashion/Beauty,Female,NC,1,100000,30,333333,1,200000,100,1,0,0
Lifestyle/Home,Male,VA,1,75000,15,500000,1,75000,33,1,0,0
Food and Beverage,Female,OR,1,150000,20,750000,1,150000,20,1,0,150000
Children/Education,Male,GA,1,50000,10,500000,0,0,0,0,0,0
Pet Products,Female,OR,0,100000,20,500000,1,100000,35,1,0,0
Lifestyle/Home,Male,CA,0,250000,8,3125000,1,350000,10,1,0,0
Fashion/Beauty,Male,OH,0,360000,6,6000000,0,0,0,0,0,0
Lifestyle/Home,Male,MA,1,100000,10,1000000,0,0,0,0,0,0
Food and Beverage,Mixed Team,NY,1,300000,10,3000000,1,300000,10,1,0,0
Software/Tech,Male,UT,1,300000,7.5,4000000,1,300000,10,1,0,0
Food and Beverage,Mixed Team,CA,1,200000,20,1000000,0,0,0,0,0,0
Software/Tech,Male,CA,0,50000,5,1000000,0,0,0,0,0,0
Pet Products,Male,FL,0,150000,10,1500000,1,150000,20,2,0,0
Lifestyle/Home,Male,MO,0,110000,15,733333,1,110000,10,1,0,0
Fashion/Beauty,Female,OR,1,75000,20,375000,0,0,0,0,0,0
Lifestyle/Home,Male,RI,0,250000,10,2500000,0,0,0,0,0,0
Food and Beverage,Male,SC,0,50000,15,333333,1,50000,35,1,0,0
Children/Education,Female,NY,0,75000,20,375000,1,75000,25,1,0,0
Fashion/Beauty,Female,NY,1,125000,20,625000,0,0,0,0,0,0
Pet Products,Male,WA,1,750000,5,15000000,0,0,0,0,0,0
Fashion/Beauty,Female,CA,0,80000,20,400000,1,80000,25,1,0,0
Children/Education,Male,OR,0,60000,15,400000,1,60000,25,1,0,0
Fashion/Beauty,Mixed Team,OR,1,300000,10,3000000,0,0,0,0,0,0
Fashion/Beauty,Female,CA,0,250000,5,5000000,0,0,0,0,0,0
Travel,Female,MI,1,200000,10,2000000,1,300000,15,1,0,0
Children/Education,Male,PA,0,40000,15,266667,1,40000,15,2,0,0
Lifestyle/Home,Male,NY,1,750000,10,7500000,1,750000,13,1,0,0
Fashion/Beauty,Mixed Team,VA,1,110000,15,733333,0,0,0,0,0,0
Food and Beverage,Male,TX,0,125000,10,1250000,1,125000,25,1,0,125000
Automotive,Male,GA,0,200000,15,1333333,0,0,0,0,0,0
Fashion/Beauty,Female,NC,1,100000,20,500000,1,100000,20,2,0,0
Children/Education,Mixed Team,GA,1,75000,10,750000,1,75000,20,1,0,0
Food and Beverage,Male,IL,0,150000,20,750000,1,150000,25,1,0,0
Media/Entertainment,Male,CA,0,650000,5,13000000,1,650000,5,2,0,0
Lifestyle/Home,Male,FL,1,75000,12,625000,1,75000,25,1,0,0
Fashion/Beauty,Female,CA,0,500000,5,10000000,0,0,0,0,0,0
Food and Beverage,Mixed Team,TX,1,60000,10,600000,1,60000,25,1,0,0
Software/Tech,Male,NY,0,2000000,13.5,14814815,0,0,0,0,0,0
Pet Products,Mixed Team,WA,1,150000,20,750000,0,0,0,0,0,0
Fashion/Beauty,Male,NY,0,250000,5,5000000,0,0,0,0,0,0
Children/Education,Male,FL,0,100000,5,2000000,0,0,0,0,0,0
Lifestyle/Home,Male,OR,0,400000,10,4000000,0,0,0,0,0,0
Children/Education,Female,GA,0,100000,20,500000,1,100000,28,1,0,0
Fitness/Sports/Outdoors,Male,IN,1,200000,15,1333333,0,0,0,0,0,0
Children/Education,Female,CO,1,150000,20,750000,1,150000,25,1,0,0
Electronics,Male,ID,1,500000,5,10000000,1,500000,12,1,0,0
Software/Tech,Mixed Team,CO,1,350000,10,3500000,0,0,0,0,0,0
Green/CleanTech,Male,PA,0,600000,25,2400000,1,600000,35,3,0,0
Media/Entertainment,Female,NY,1,725000,10,7250000,1,725000,17.5,2,0,0
Software/Tech,Male,MA,1,120000,18,666667,0,0,0,0,0,0
Fashion/Beauty,Male,CA,1,200000,8,2500000,0,0,0,0,0,0
Fashion/Beauty,Male,GA,0,100000,10,1000000,1,200000,30,2,0,0
Travel,Male,NY,1,5000000,50,10000000,1,5000000,50,1,0,0
Food and Beverage,Female,CO,0,150000,20,750000,0,0,0,0,0,0
Fitness/Sports/Outdoors,Male,CT,0,75000,20,375000,1,50000,33,1,0,0
Fashion/Beauty,Male,OH,1,150000,3.5,4285714,0,0,0,0,0,0
Lifestyle/Home,Female,PA,0,100000,20,500000,1,100000,33,1,0,0
Lifestyle/Home,Male,MI,1,400000,15,2666667,0,0,0,0,0,0
Health/Wellness,Male,FL,0,3000000,10,30000000,1,3000000,25,1,0,0
Children/Education,Female,WA,1,100000,10,1000000,1,100000,10,1,0,0
Fitness/Sports/Outdoors,Male,CA,1,100000,5,2000000,1,225000,7.5,3,1,0
Pet Products,Female,FL,0,100000,20,500000,0,0,0,0,0,0
Green/CleanTech,Male,CA,0,300000,10,3000000,1,300000,20,1,0,0
Fitness/Sports/Outdoors,Male,IL,0,500000,10,5000000,1,500000,20,1,0,0
Children/Education,Male,,0,200000,20,1000000,1,200000,30,2,0,0
Fitness/Sports/Outdoors,Male,,0,1000000,3.5,28571429,0,0,0,0,0,0
Food and Beverage,Female,,0,100000,15,666667,0,0,0,0,0,0
Software/Tech,Male,,0,200000,12.5,1600000,1,200000,25,2,0,0
Food and Beverage,Male,,0,50000,10,500000,1,50000,20,2,0,0
Software/Tech,Male,,0,200000,10,2000000,0,0,0,0,0,0
Fashion/Beauty,Female,,0,300000,20,1500000,0,0,0,0,0,0
Food and Beverage,Female,,0,150000,10,1500000,1,600000,25,2,0,0
Fashion/Beauty,Male,,0,250000,10,2500000,1,250000,20,2,0,0
Software/Tech,Male,,0,300000,20,1500000,0,0,0,0,0,0
Fashion/Beauty,Male,,0,150000,10,1500000,1,150000,17.5,2,1,0
Fashion/Beauty,Mixed Team,,1,80000,20,400000,0,0,0,0,0,0
Food and Beverage,Male,,0,200000,10,2000000,1,250000,20,1,0,0
Children/Education,Male,,0,50000,15,333333,0,0,0,0,0,0
Food and Beverage,Mixed Team,,1,100000,20,500000,0,0,0,0,0,0
Lifestyle/Home,Male,,0,300000,10,3000000,1,300000,25,1,0,0
Food and Beverage,Male,,0,100000,15,666667,1,100000,15,1,0,0
Fashion/Beauty,Female,,0,200000,20,1000000,0,0,0,0,0,0
Children/Education,Mixed Team,,1,55000,25,220000,0,0,0,0,0,0
Software/Tech,Male,,0,500000,20,2500000,1,1500000,25,5,0,0
Software/Tech,Male,,0,200000,10,2000000,1,200000,10,2,0,0
Food and Beverage,Male,,0,300000,10,3000000,0,0,0,0,0,0
Lifestyle/Home,Male,,0,200000,8,2500000,1,200000,5,1,0,0
Children/Education,Female,,0,150000,15,1000000,1,200000,20,1,0,0
Food and Beverage,Mixed Team,,1,300000,15,2000000,0,0,0,0,0,0
Lifestyle/Home,Mixed Team,,1,200000,10,2000000,1,200000,40,1,0,0
Lifestyle/Home,Male,,0,300000,10,3000000,0,0,0,0,0,0
Fitness/Sports/Outdoors,Female,,0,125000,15,833333,1,125000,20,2,0,0
Lifestyle/Home,Male,,0,100000,20,500000,0,0,0,0,0,0
Lifestyle/Home,Mixed Team,,1,150000,10,1500000,1,150000,15,1,0,0
Fitness/Sports/Outdoors,Male,,0,85000,20,425000,1,85000,35,1,0,0
Software/Tech,Male,,0,500000,10,5000000,1,1000000,20,2,0,0
Fitness/Sports/Outdoors,Male,,0,160000,10,1600000,0,0,0,0,0,0
Food and Beverage,Mixed Team,,1,200000,10,2000000,1,200000,16.5,1,0,0
Fashion/Beauty,Male,,0,150000,15,1000000,1,150000,20,2,0,0
Lifestyle/Home,Mixed Team,,1,50000,20,250000,1,50000,30,1,0,0
Fitness/Sports/Outdoors,Male,,0,120000,20,600000,0,0,0,0,0,0
Fashion/Beauty,Female,,0,425000,10,4250000,1,425000,25,1,0,0
Fashion/Beauty,Female,,0,250000,20,1250000,1,250000,30,3,0,0
Lifestyle/Home,Male,,0,1400000,5,28000000,1,1400000,5,2,1,0
Lifestyle/Home,Male,,0,225000,25,900000,1,225000,50,1,0,0
Fashion/Beauty,Male,,0,250000,25,1000000,0,0,0,0,0,0
Lifestyle/Home,Male,,0,300000,10,3000000,1,300000,15,1,0,0
Fashion/Beauty,Female,,0,50000,10,500000,1,50000,25,1,0,0
Food and Beverage,Mixed Team,,1,120000,40,300000,1,120000,42,1,0,0
Children/Education,Male,,0,150000,15,1000000,1,150000,20,2,0,0
Fashion/Beauty,Male,,0,50000,25,200000,0,0,0,0,0,0
Lifestyle/Home,Male,,0,300000,7,4285714,1,300000,10,1,1,0
Lifestyle/Home,Male,,0,100000,20,500000,0,0,0,0,0,0
Food and Beverage,Male,,0,50000,5,1000000,1,100000,10,1,0,0
Fashion/Beauty,Female,,0,50000,20,250000,1,60000,50,1,0,0
Food and Beverage,Female,,0,1000000,5,20000000,0,0,0,0,0,0
Software/Tech,Male,,0,700000,5,14000000,1,700000,7,1,0,0
Children/Education,Mixed Team,,1,250000,2.5,10000000,1,250000,3.3,1,0,0
Children/Education,Mixed Team,,1,125000,10,1250000,0,0,0,0,0,0
Fashion/Beauty,Mixed Team,,1,100000,20,500000,1,100000,45,1,0,0
Fitness/Sports/Outdoors,Mixed Team,,1,250000,20,1250000,1,250000,33.3,1,0,0
Software/Tech,Male,,0,200000,20,1000000,0,0,0,0,0,0
Travel,Male,,0,50000,5,1000000,0,0,0,0,0,0
Children/Education,Male,,0,250000,10,2500000,1,250000,20,1,0,0
Fashion/Beauty,Female,,0,100000,20,500000,1,100000,20,1,0,0
Media/Entertainment,Male,,0,500000,5,10000000,0,0,0,0,0,0
Lifestyle/Home,Female,,0,150000,20,750000,0,0,0,0,0,0
Fashion/Beauty,Male,,0,150000,10,1500000,1,300000,30,3,0,0
Health/Wellness,Male,,0,1000000,15,6666667,0,0,0,0,0,0
Food and Beverage,Female,,0,100000,10,1000000,1,210000,30,3,0,0
Children/Education,Female,,0,150000,20,750000,0,0,0,0,0,0
Fashion/Beauty,Male,,0,2500000,10,25000000,0,0,0,0,0,0
Fitness/Sports/Outdoors,Male,,1,1500000,8,18750000,1,1500000,10,1,0,0
Lifestyle/Home,Male,,0,1500000,15,10000000,0,0,0,0,0,0
Fashion/Beauty,Female,,0,200000,25,800000,0,0,0,0,0,0
Green/CleanTech,Male,,0,100000,20,500000,1,100000,25,1,0,0
Lifestyle/Home,Male,,0,300000,10,3000000,1,300000,30,2,0,0
Food and Beverage,Mixed Team,,1,400000,10,4000000,0,0,0,0,0,0
Fitness/Sports/Outdoors,Male,,0,80000,10,800000,1,80000,20,1,1,0
Fashion/Beauty,Female,,0,200000,10,2000000,1,200000,15,1,0,0
Health/Wellness,Female,,0,750000,7.5,10000000,1,750000,8,1,0,750000
Health/Wellness,Mixed Team,,1,100000,15,666667,1,100000,30,1,0,0
Fitness/Sports/Outdoors,Male,,0,250000,10,2500000,0,0,0,0,0,0
Food and Beverage,Female,,0,50000,10,500000,0,0,0,0,0,0
Liquor/Alcohol,Male,,0,400000,16,2500000,0,0,0,0,0,0
Fashion/Beauty,Male,,0,175000,5,3500000,0,0,0,0,0,0
Lifestyle/Home,Male,,0,100000,15,666667,1,100000,25,1,0,0
Pet Products,Mixed Team,,1,250000,5,5000000,1,250000,12.5,1,1,0
Liquor/Alcohol,Male,,0,100000,10,1000000,1,100000,25,1,0,0
Food and Beverage,Male,,1,2000000,12.5,16000000,1,2000000,10,2,0,2000000
Food and Beverage,Female,,0,100000,20,500000,0,0,0,0,0,0
Pet Products,Female,,0,500000,5,10000000,1,500000,3,1,1,0
Pet Products,Male,,0,200000,10,2000000,1,200000,20,2,0,0
Children/Education,Male,,0,100000,10,1000000,1,166666,33.3,1,0,0
Uncertain/Other,Male,NY,0,25000,15,166667,0,0,0,0,0,0
Lifestyle/Home,Male,,1,500000,10,5000000,1,500000,15,1,0,500000
Pet Products,Male,,0,300000,10,3000000,1,300000,20,2,0,0
Fashion/Beauty,Male,,0,1000000,7.6,13157895,0,0,0,0,0,0
Software/Tech,Male,,0,500000,5,10000000,0,0,0,0,0,0
Fitness/Sports/Outdoors,Mixed Team,,1,200000,15,1333333,1,200000,22,2,0,0
Food and Beverage,Male,CO,0,50000,20,250000,1,50000,33.3,1,0,0
Media/Entertainment,Male,NV,0,750000,40,1875000,0,0,0,0,0,0
Fitness/Sports/Outdoors,Male,,0,500000,20,2500000,0,0,0,0,0,0
Children/Education,Female,TX,0,400000,10,4000000,0,0,0,0,0,0
Fashion/Beauty,Female,CA,0,100000,10,1000000,0,0,0,0,0,0
Uncertain/Other,Mixed Team,NY,1,400000,20,2000000,0,0,0,0,0,0
Food and Beverage,Male,CA,0,200000,10,2000000,0,0,0,0,0,0
Children/Education,Male,CA,0,400000,4,10000000,1,600000,6.7,2,0,0
Food and Beverage,Female,NY,0,75000,20,375000,1,75000,25,1,0,0
Fashion/Beauty,Female,HI,0,200000,10,2000000,1,200000,22.5,1,0,0
Fashion/Beauty,Mixed Team,FL,1,50000,20,250000,0,0,0,0,0,0
Fitness/Sports/Outdoors,Male,CA,0,400000,16,2500000,1,400000,16,2,0,0
Fitness/Sports/Outdoors,Male,NY,0,300000,7.5,4000000,0,0,0,0,0,0
Automotive,Male,NY,0,50000,20,250000,1,50000,33.3,1,0,0
Fitness/Sports/Outdoors,Female,,0,100000,15,666667,0,0,0,0,0,0
Media/Entertainment,Male,OH,0,200000,10,2000000,1,200000,25,1,0,0
Fashion/Beauty,Male,GA,0,100000,10,1000000,1,100000,10,1,0,0
Food and Beverage,Female,MA,0,50000,20,250000,0,0,0,0,0,0
Lifestyle/Home,Male,CO,0,200000,6,3333333,1,225000,10,1,0,0
Liquor/Alcohol,Male,MA,0,500000,3.1,15923567,0,0,0,0,0,0
Liquor/Alcohol,Male,NJ,0,500000,4,12500000,1,2000000,16.7,2,0,0
Food and Beverage,Mixed Team,UT,1,400000,10,4000000,0,0,0,0,0,0
Fashion/Beauty,Male,MA,0,500000,5,10000000,0,0,0,0,0,0
Software/Tech,Female,IL,0,100000,20,500000,1,100000,20,2,0,0
Fashion/Beauty,Male,FL,0,150000,20,750000,1,150000,30,1,0,0
Lifestyle/Home,Female,WA,0,100000,10,1000000,1,100000,15,1,0,0
Food and Beverage,Male,CA,0,1000000,10,10000000,0,0,0,0,0,0
Fitness/Sports/Outdoors,Male,LA,0,150000,10,1500000,1,150000,10,1,0,0
Fashion/Beauty,Female,FL,0,100000,20,500000,1,100000,50,1,0,0
Food and Beverage,Male,HI,0,50000,20,250000,0,0,0,0,0,0
Software/Tech,Male,CO,1,500000,5,10000000,1,500000,5,1,0,500000
Fitness/Sports/Outdoors,Mixed Team,FL,1,200000,10,2500000,1,200000,15,1,0,150000
Fashion/Beauty,Female,NY,0,500000,10,5000000,1,500000,20,1,0,0
Food and Beverage,Male,FL,0,1000000,10,10000000,0,0,0,0,0,0
Food and Beverage,Male,TX,0,500000,5,10000000,1,500000,14,1,0,0
Fashion/Beauty,Female,TN,0,55000,20,275000,1,60000,33.3,2,0,0
Children/Education,Female,OR,0,100000,10,1000000,0,0,0,0,0,0
Food and Beverage,Male,NY,0,200000,20,1000000,0,0,0,0,0,0
Lifestyle/Home,Female,TX,0,75000,12,625000,1,75000,25,1,0,0
Pet Products,Male,FL,0,100000,15,666667,1,100000,30,1,1,0
Food and Beverage,Female,PA,0,150000,10,1500000,0,0,0,0,0,0
Travel,Male,NY,0,500000,40,1250000,0,0,0,0,0,0
Health/Wellness,Male,NC,0,800000,10,8000000,1,800000,33.3,1,0,0
Media/Entertainment,Male,CA,0,50000,10,500000,1,50000,10,1,1,0
Lifestyle/Home,Female,UT,0,400000,10,4000000,1,400000,20,1,0,0
Fashion/Beauty,Female,PA,0,500000,20,2500000,1,500000,22,1,0,500000
Food and Beverage,Male,CA,0,600000,3,20000000,0,0,0,0,0,0
Software/Tech,Male,MA,0,1000000,10,10000000,0,0,0,0,0,0
Children/Education,Female,TX,0,125000,5,2500000,1,150000,10,1,0,0
Children/Education,Male,CO,0,50000,10,500000,1,50000,0,1,0,50000
Food and Beverage,Male,TX,0,600000,15,4000000,1,600000,20,1,0,0
Lifestyle/Home,Male,TX,0,500000,10,5000000,1,500000,10,2,0,300000
Pet Products,Mixed Team,CA,1,250000,10,2500000,1,250000,15,1,0,0
Fashion/Beauty,Male,NV,0,500000,5,10000000,0,0,0,0,0,0
Food and Beverage,Female,MA,0,500000,5,10000000,0,0,0,0,0,0
Fitness/Sports/Outdoors,Male,WI,0,120000,20,600000,1,120000,33,1,0,0
Fitness/Sports/Outdoors,Male,CA,1,750000,4,18750000,1,750000,4,2,0,750000
Pet Products,Male,NY,0,100000,10,1000000,0,0,0,0,0,0
Food and Beverage,Male,CA,0,2000000,5,40000000,0,0,0,0,0,0
Food and Beverage,Mixed Team,CA,1,250000,5,5000000,1,250000,10,1,0,0
Children/Education,Female,FL,0,150000,20,750000,1,150000,20,1,0,75000
Fitness/Sports/Outdoors,Male,AZ,0,150000,20,750000,0,0,0,0,0,0
Lifestyle/Home,Male,IL,0,150000,10,1500000,1,150000,20,1,1,0
Fitness/Sports/Outdoors,Male,UT,0,150000,20,750000,1,300000,25,1,0,0
Pet Products,Mixed Team,OR,1,300000,15,2000000,0,0,0,0,0,0
Fashion/Beauty,Mixed Team,NY,1,125000,10,1250000,0,0,0,0,0,0
Food and Beverage,Male,NC,0,250000,20,1250000,0,0,0,0,0,0
Children/Education,Mixed Team,FL,1,200000,20,1000000,1,200000,30,1,0,0
Lifestyle/Home,Female,TX,0,75000,25,300000,1,75000,50,1,0,0
Children/Education,Male,NY,0,100000,20,500000,1,100000,50,1,0,0
Fashion/Beauty,Female,PA,0,200000,20,1000000,0,0,0,0,0,0
Fashion/Beauty,Female,NY,0,100000,10,1000000,0,0,0,0,0,0
Food and Beverage,Female,CA,0,100000,7,1428571,1,100000,15,1,0,0
Media/Entertainment,Male,MN,0,100000,20,500000,0,0,0,0,0,0
Children/Education,Mixed Team,TX,1,250000,6,4166667,1,250000,8.3,1,0,0
Fitness/Sports/Outdoors,Male,MA,0,500000,5,10000000,0,0,0,0,0,0
Fitness/Sports/Outdoors,Male,NV,0,50000,15,333333,1,50000,33.3,1,0,0
Lifestyle/Home,Female,CT,0,80000,15,533333,0,0,0,0,0,0
Fitness/Sports/Outdoors,Male,CA,0,250000,5,5000000,1,250000,7.5,1,0,0
Lifestyle/Home,Male,CA,0,350000,5,7000000,1,2350000,20,2,0,2000000
Children/Education,Female,MA,0,100000,10,1000000,1,200000,15,1,0,0
Health/Wellness,Mixed Team,OH,1,75000,15,500000,1,75000,25,1,0,0
Food and Beverage,Male,OH,0,75000,20,375000,0,0,0,0,0,0
Fashion/Beauty,Mixed Team,CA,1,250000,33,757576,1,250000,50,1,0,0
Children/Education,Female,NY,0,250000,2.5,10000000,1,600000,5,2,0,0
Green/CleanTech,Male,CO,0,150000,10,1500000,0,0,0,0,0,0
Travel,Male,NY,0,750000,10,7500000,0,0,0,0,0,0
Children/Education,Male,CO,0,250000,3,8333333,0,0,0,0,0,0
Fitness/Sports/Outdoors,Male,CA,0,200000,8,2500000,1,200000,15,1,0,0
Health/Wellness,Male,CA,0,375000,5,7500000,0,0,0,0,0,0
Software/Tech,Female,MA,0,300000,10,3000000,1,300000,10,1,0,0
Fashion/Beauty,Male,NY,0,500000,10,5000000,1,500000,17.5,1,0,0
Fashion/Beauty,Female,CA,0,75000,20,375000,1,75000,25,1,0,0
Food and Beverage,Male,CA,0,250000,10,2500000,1,250000,10,1,0,250000
Food and Beverage,Male,CA,0,350000,8,4375000,0,0,0,0,0,0
Fashion/Beauty,Male,CA,1,300000,10,3000000,1,300000,10,1,0,300000
Pet Products,Male,CO,0,100000,10,1000000,1,100000,20,1,0,0
Lifestyle/Home,Male,VT,0,500000,10,5000000,1,500000,20,1,0,0
Lifestyle/Home,Female,HI,0,75000,12.5,600000,0,0,0,0,0,0
Fitness/Sports/Outdoors,Male,OH,0,600000,10,6000000,1,600000,15,1,0,0
Software/Tech,Male,IL,0,100000,5,2000000,1,100000,18,1,1,0
Lifestyle/Home,Mixed Team,CA,1,375000,5,7500000,0,0,0,0,0,0
Software/Tech,Male,OR,0,250000,8,3125000,0,0,0,0,0,0
Fitness/Sports/Outdoors,Male,CA,0,500000,10,5000000,1,500000,15,1,0,0
Lifestyle/Home,Female,CA,0,200000,13,1538462,1,200000,33.3,3,0,0
Fitness/Sports/Outdoors,Male,HI,0,200000,20,1000000,0,0,0,0,0,0
Fashion/Beauty,Mixed Team,TX,1,250000,20,1250000,1,250000,33.3,1,0,0
Fashion/Beauty,Male,OH,0,150000,5,3000000,1,150000,10,1,1,0
Fashion/Beauty,Male,CA,0,700000,7,10000000,1,700000,25,1,0,0
Fashion/Beauty,Male,CA,0,500000,10,5000000,0,0,0,0,0,0
Food and Beverage,Mixed Team,IL,1,250000,5,5000000,1,250000,15,1,0,0
Lifestyle/Home,Male,CO,0,75000,25,300000,1,75000,33.3,1,0,0
Media/Entertainment,Mixed Team,NC,1,500000,10,5000000,1,500000,10,1,0,350000
Software/Tech,Male,MA,0,400000,10,4000000,0,0,0,0,0,0
Fashion/Beauty,Male,FL,0,30000,30,100000,0,0,0,0,0,0
Fashion/Beauty,Female,PA,0,75000,10,750000,1,75000,30,2,0,0
Fitness/Sports/Outdoors,Mixed Team,CA,1,60000,15,400000,1,65000,20,1,0,0
Fitness/Sports/Outdoors,Male,AL,0,500000,20,2500000,0,0,0,0,0,0
Fitness/Sports/Outdoors,Mixed Team,MS,1,175000,15,1166667,1,175000,15,1,0,0
Health/Wellness,Female,CA,0,600000,5,12000000,0,0,0,0,0,0
Lifestyle/Home,Male,CA,0,100000,5,2000000,1,200000,10,1,0,0
Food and Beverage,Mixed Team,CO,1,1250000,5,25000000,1,1250000,15,1,0,0
Media/Entertainment,Male,NC,0,200000,15,1333333,1,300000,30,3,0,0
Travel,Male,CA,0,100000,10,1000000,0,0,0,0,0,0
Lifestyle/Home,Male,AZ,0,50000,10,500000,1,50000,20,1,0,0
Fashion/Beauty,Male,UT,0,500000,7.5,6666667,1,500000,15,1,0,0
Food and Beverage,Male,OH,0,100000,10,1000000,1,100000,25,1,0,0
Children/Education,Female,WA,0,75000,30,250000,1,75000,45,1,0,0
Food and Beverage,Female,NV,0,600000,12,5000000,1,600000,12,1,0,0
Health/Wellness,Male,MI,0,75000,10,750000,0,0,0,0,0,0
Fitness/Sports/Outdoors,Male,TX,0,100000,15,666667,1,150000,15,2,0,0
Fitness/Sports/Outdoors,Male,CA,0,200000,10,2000000,1,200000,10,1,0,0
Fashion/Beauty,Male,MI,0,100000,12.5,800000,1,150000,25,1,0,0
Media/Entertainment,Male,CA,0,350000,10,3500000,1,700000,20,1,0,0
Lifestyle/Home,Male,MA,0,80000,20,400000,0,0,0,0,0,0
Fitness/Sports/Outdoors,Male,FL,0,120000,15,800000,1,120000,33.3,1,0,0
Children/Education,Mixed Team,WA,1,500000,10,5000000,1,500000,15,1,0,0
Children/Education,Male,NY,0,80000,15,533333,0,0,0,0,0,0
Lifestyle/Home,Mixed Team,UT,1,300000,5,6000000,1,300000,15,1,0,0
Fitness/Sports/Outdoors,Male,CA,0,225000,10,2250000,1,250000,20,2,0,0
Fitness/Sports/Outdoors,Male,MA,0,500000,5,10000000,0,0,0,0,0,0
Children/Education,Male,MA,0,350000,10,3500000,0,0,0,0,0,0
Automotive,Male,CA,1,500000,2,25000000,1,500000,2,1,0,500000
Children/Education,Female,IL,0,500000,6,8333333,1,500000,15,1,0,0
Fashion/Beauty,Female,CA,0,100000,25,400000,1,100000,25,2,1,0
Children/Education,Mixed Team,OR,1,85000,10,850000,1,120000,20,1,0,0
Lifestyle/Home,Male,CO,0,800000,10,8000000,0,0,0,0,0,0
Food and Beverage,Female,PA,0,150000,25,600000,1,150000,50,2,0,0
Pet Products,Male,IL,0,500000,5,10000000,1,500000,5,1,1,0
Software/Tech,Mixed Team,AZ,1,150000,5,3000000,1,150000,14,2,0,0
Fitness/Sports/Outdoors,Male,CA,0,100000,5,2000000,0,0,0,0,0,0
Fitness/Sports/Outdoors,Female,VA,0,150000,10,1500000,1,150000,15,2,0,0
Automotive,Male,OH,0,200000,10,2000000,1,360000,30,3,0,0
Health/Wellness,Male,NY,0,100000,12.5,800000,1,200000,15,1,0,0
Fitness/Sports/Outdoors,Male,TX,0,500000,5,10000000,0,0,0,0,0,0
Software/Tech,Female,MD,0,200000,5,4000000,1,200000,5,1,0,0
Food and Beverage,Male,FL,0,75000,25,300000,1,75000,25,1,0,0
Fashion/Beauty,Male,FL,0,300000,10,3000000,1,300000,20,1,0,0
Children/Education,Female,Canada,0,175000,5,3500000,0,0,0,0,0,0
Lifestyle/Home,Male,CA,0,100000,5,2000000,1,100000,25,1,0,0
Software/Tech,Male,NY,0,200000,5,4000000,1,200000,10,1,0,0
Lifestyle/Home,Male,CA,0,150000,10,1500000,0,0,0,0,0,0
Health/Wellness,Female,TX,0,1000000,5,20000000,1,1000000,5,1,0,1000000
Food and Beverage,Female,CA,1,300000,10,3000000,1,300000,10,1,0,300000
Fashion/Beauty,Male,AZ,0,50000,20,250000,1,50000,20,1,0,0
Lifestyle/Home,Male,NY,0,100000,20,500000,0,0,0,0,0,0
Media/Entertainment,Male,CA,0,300000,15,2000000,1,500000,100,1,0,0
Lifestyle/Home,Male,CO,0,100000,10,1000000,1,100000,18,1,1,0
Lifestyle/Home,Male,NY,0,100000,10,1000000,1,100000,10,2,0,100000
Fitness/Sports/Outdoors,Male,FL,0,500000,40,1250000,0,0,0,0,0,0
Lifestyle/Home,Mixed Team,CA,1,800000,8,10000000,0,0,0,0,0,0
Fashion/Beauty,Male,NY,0,250000,1.5,16666667,0,0,0,0,0,0
Lifestyle/Home,Male,NY,0,100000,5,2000000,1,100000,20,1,0,0
Green/CleanTech,Female,CA,0,400000,5,8000000,1,400000,15,1,0,0
Business Services,Male,DC,0,75000,15,500000,0,0,0,0,0,0
Lifestyle/Home,Male,PA,0,200000,20,1000000,1,200000,25,2,0,0
Food and Beverage,Mixed Team,GA,1,150000,15,1000000,1,150000,25,1,0,0
Pet Products,Female,MI,0,499000,9,5544444,1,499000,33.3,1,0,0
Fashion/Beauty,Male,NY,0,150000,18,833333,0,0,0,0,0,0
Fashion/Beauty,Male,CA,0,95000,10,950000,1,100000,20,1,0,0
Business Services,Female,MA,0,250000,6.3,4000000,1,250000,10,2,0,0
Fitness/Sports/Outdoors,Male,VA,0,300000,10,3000000,0,0,0,0,0,0
Food and Beverage,Female,CA,0,150000,10,1500000,1,150000,20,1,0,0
Pet Products,Female,CA,0,60000,20,300000,1,60000,35,1,0,0
Fashion/Beauty,Male,CA,0,150000,10,1500000,1,150000,5,1,1,0
Lifestyle/Home,Male,,0,500000,10,5000000,0,0,0,0,0,0
Fashion/Beauty,Female,,0,100000,10,1000000,0,0,0,0,0,0
Food and Beverage,Mixed Team,,1,400000,10,4000000,1,400000,25,1,0,0
Children/Education,Female,NY,0,250000,5,5000000,1,250000,10,1,0,0
Lifestyle/Home,Male,CA,0,150000,10,1500000,1,150000,25,1,0,0
Fitness/Sports/Outdoors,Male,WI,0,200000,12.5,1600000,0,0,0,0,0,0
Fashion/Beauty,Female,GA,0,460000,10,4600000,0,0,0,0,0,0
Food and Beverage,Mixed Team,CA,1,300000,15,2000000,1,300000,20,1,0,0
Health/Wellness,Male,MD,0,300000,10,3000000,0,0,0,0,0,0
Children/Education,Male,IL,0,250000,15,1666667,1,250000,25,1,0,0
Fitness/Sports/Outdoors,Male,IL,0,150000,15,1000000,1,150000,30,3,0,0
Food and Beverage,Male,VT,0,600000,12,5000000,0,0,0,0,0,0
Fitness/Sports/Outdoors,Male,,0,50000,20,250000,1,100000,25,1,0,0
Pet Products,Mixed Team,NC,1,150000,20,750000,0,0,0,0,0,0
Food and Beverage,Male,CA,0,1000000,5,20000000,1,1000000,10,1,0,0
Lifestyle/Home,Male,CA,0,750000,5,15000000,1,750000,5,1,0,750000
Food and Beverage,Male,WA,0,300000,10,3000000,1,400000,20,2,0,0
Lifestyle/Home,Female,CA,0,500000,3,16666667,1,500000,4,1,0,0
Food and Beverage,Male,NY,1,500000,4.5,11111111,0,0,0,0,0,0
Lifestyle/Home,Male,TX,0,350000,7,5000000,1,150000,10,1,1,0
Lifestyle/Home,Female,CA,0,50000,50,100000,1,100000,100,2,0,0
Fitness/Sports/Outdoors,Male,CA,0,250000,5,5000000,0,0,0,0,0,0
Software/Tech,Male,NY,0,250000,7.5,3333333,1,250000,15,1,0,0
Fashion/Beauty,Male,FL,0,200000,20,1000000,0,0,0,0,0,0
Fashion/Beauty,Female,CA,1,350000,10,3500000,1,350000,15,1,0,0
Food and Beverage,Male,FL,0,300000,10,3000000,1,300000,25,2,0,0
Health/Wellness,Male,NJ,0,400000,10,4000000,0,0,0,0,0,0
Lifestyle/Home,Mixed Team,,1,625000,5,12500000,0,0,0,0,0,0
Lifestyle/Home,Mixed Team,,1,100000,20,500000,1,100000,25,1,0,0
Children/Education,Male,,0,80000,15,533333,1,80000,20,1,0,0
Lifestyle/Home,Male,GA,0,1000000,5,20000000,0,0,0,0,0,0
Food and Beverage,Female,,0,150000,15,1000000,1,150000,25,1,0,0
Children/Education,Male,,0,300000,10,3000000,0,0,0,0,0,0
Fashion/Beauty,Female,,0,200000,10,2000000,1,200000,40,1,0,0
Pet Products,Male,,0,250000,10,2500000,1,250000,25,1,0,0
Food and Beverage,Female,DC,0,500000,10,5000000,0,0,0,0,0,0
Software/Tech,Male,TX,0,100000,10,1000000,1,100000,50,1,0,0
Food and Beverage,Male,,0,1500000,30,5000000,1,1500000,45,2,0,0
Lifestyle/Home,Mixed Team,,1,100000,10,1000000,1,100000,20,5,0,0
Health/Wellness,Male,CA,0,500000,7,7142857,1,500000,25,2,0,0
Health/Wellness,Mixed Team,,1,300000,10,3000000,0,0,0,0,0,0
Food and Beverage,Female,,0,250000,10,2500000,1,250000,20,1,0,0
Fashion/Beauty,Male,CA,0,250000,10,2500000,1,250000,25,1,0,0
Fashion/Beauty,Female,,0,300000,25,1200000,0,0,0,0,0,0
Software/Tech,Male,NC,0,200000,5,4000000,1,320000,10,1,0,0
Lifestyle/Home,Male,,0,500000,10,5000000,0,0,0,0,0,0
Food and Beverage,Female,WI,0,350000,10,3500000,1,200000,10,2,0,0
Lifestyle/Home,Male,,0,200000,20,1000000,0,0,0,0,0,0
Food and Beverage,Mixed Team,,1,250000,10,2500000,1,700000,40,2,0,0
Food and Beverage,Male,,0,300000,10,3000000,1,300000,25,1,0,0
Liquor/Alcohol,Male,,0,1000000,5,20000000,1,1000000,5,2,1,0
Uncertain/Other,Male,,0,640000,8,8000000,1,640000,25,1,0,0
Fitness/Sports/Outdoors,Male,,0,50000,15,333333,1,50000,15,1,0,0
Food and Beverage,Female,,0,500000,20,2500000,1,500000,33.3,1,0,0
Business Services,Male,,0,200000,10,2000000,1,200000,10,1,0,0
Uncertain/Other,Mixed Team,,1,250000,10,2500000,1,250000,5,1,1,0
Food and Beverage,Mixed Team,NJ,1,500000,4,12500000,1,500000,6,1,0,0
Fitness/Sports/Outdoors,Male,,0,375000,8,4687500,0,0,0,0,0,0
Food and Beverage,Mixed Team,TX,1,400000,10,4000000,1,400000,25,1,0,0
Automotive,Mixed Team,CT,1,150000,5,3000000,1,3000000,100,1,0,0
Fitness/Sports/Outdoors,Male,IL,0,500000,8,6250000,0,0,0,0,0,0
Food and Beverage,Male,MI,0,50000,25,200000,1,50000,30,1,0,0
Children/Education,Female,CA,0,200000,10,2000000,1,200000,20,1,0,0
Fitness/Sports/Outdoors,Male,UT,0,150000,10,1500000,1,150000,20,1,0,0
Fashion/Beauty,Male,,0,300000,10,3000000,0,0,0,0,0,0
Health/Wellness,Mixed Team,TX,1,50000,20,250000,1,50000,25,1,0,0
Pet Products,Male,CA,0,200000,7.5,2666667,0,0,0,0,0,0
Fashion/Beauty,Female,CA,0,350000,25,1400000,1,350000,25,1,0,0
Pet Products,Mixed Team,,1,200000,20,1000000,1,200000,30,1,0,0
Fashion/Beauty,Female,,0,200000,15,1333333,1,200000,5,1,0,200000
Fashion/Beauty,Mixed Team,,1,300000,10,3000000,0,0,0,0,0,0
Food and Beverage,Male,CA,0,150000,5,3000000,1,160000,12.5,1,0,0
Pet Products,Female,TX,0,100000,10,1000000,0,0,0,0,0,0
Children/Education,Female,CA,0,200000,2.5,8000000,1,200000,2.5,1,1,0
Fashion/Beauty,Male,CA,0,225000,15,1500000,1,225000,25,2,0,0
Food and Beverage,Female,NY,0,275000,5,5500000,0,0,0,0,0,0
Lifestyle/Home,Mixed Team,,1,50000,13,384615,1,100000,25,2,0,0
Fashion/Beauty,Mixed Team,CA,1,150000,8,1875000,1,150000,22.5,2,0,0
Lifestyle/Home,Male,OK,0,550000,15,3666667,1,550000,25,1,0,0
Fashion/Beauty,Mixed Team,IL,1,400000,10,4000000,0,0,0,0,0,0
Pet Products,Male,NC,0,50000,20,250000,1,50000,30,1,0,0
Health/Wellness,Mixed Team,TX,1,50000,15,333333,0,0,0,0,0,0
Lifestyle/Home,Female,,0,80000,33,242424,1,80000,40,2,0,0
Software/Tech,Mixed Team,,1,150000,5,3000000,1,150000,13,1,0,0
Food and Beverage,Female,MO,0,250000,10,2500000,1,400000,20,1,0,0
Software/Tech,Female,,0,200000,4,5000000,0,0,0,0,0,0
Software/Tech,Male,,0,400000,10,4000000,0,0,0,0,0,0
Health/Wellness,Male,,0,500000,5,10000000,1,500000,12.5,1,0,0
Children/Education,Mixed Team,,1,150000,10,1500000,0,0,0,0,0,0
Pet Products,Male,,0,100000,20,500000,1,100000,33.3,1,0,0
Pet Products,Male,,0,550000,5,11000000,1,550000,10,1,0,0
Fashion/Beauty,Mixed Team,,1,250000,3,8333333,0,0,0,0,0,0
Food and Beverage,Male,,0,200000,8,2500000,1,300000,15,1,0,0
Automotive,Male,,0,100000,25,400000,1,100000,33.3,1,0,0
Children/Education,Female,,0,350000,10,3500000,1,350000,35,1,0,0
Food and Beverage,Male,NY,0,2000000,8,25000000,0,0,0,0,0,0
Lifestyle/Home,Male,,1,500000,6,8333333,0,0,0,0,0,0
Lifestyle/Home,Male,,1,100000,10,1000000,1,100000,20,1,0,0
Children/Education,Mixed Team,,1,600000,8,7500000,1,600000,19,1,0,0
Media/Entertainment,Male,,0,100000,20,500000,1,100000,40,2,0,0
Food and Beverage,Male,,0,500000,20,2500000,0,0,0,0,0,0
Lifestyle/Home,Male,,0,400000,10,4000000,1,400000,20,1,0,0
Lifestyle/Home,Male,,0,500000,10,5000000,0,0,0,0,0,0
Food and Beverage,Female,,0,400000,10,4000000,1,400000,25,1,0,0
Business Services,Male,,0,500000,3.5,14285714,1,500000,14,1,0,0
Fashion/Beauty,Male,,0,150000,15,1000000,0,0,0,0,0,0
Health/Wellness,Male,,0,500000,10,5000000,1,500000,20,1,0,0
Fashion/Beauty,Male,MO,0,250000,15,1666667,1,200000,0,1,1,0
Pet Products,Female,,0,250000,5,5000000,1,250000,10,2,0,0
Food and Beverage,Male,,0,80000,20,400000,0,0,0,0,0,0
Fitness/Sports/Outdoors,Male,,0,250000,5,5000000,1,500000,10,1,0,0
Lifestyle/Home,Male,,0,150000,7.5,2000000,1,150000,20,1,0,0
Automotive,Male,,0,45000,15,300000,1,45000,25,1,0,0
Food and Beverage,Female,CA,0,450000,10,4500000,0,0,0,0,0,0
Lifestyle/Home,Male,,0,350000,10,3500000,1,350000,25,1,0,0
Food and Beverage,Male,,0,250000,7.5,3333333,1,250000,15,1,0,0
Fashion/Beauty,Male,CA,0,500000,5,10000000,1,500000,10,1,0,0
Lifestyle/Home,Male,,0,100000,16,625000,1,100000,33.3,1,0,0
Pet Products,Mixed Team,,1,250000,10,2500000,0,0,0,0,0,0
Lifestyle/Home,Mixed Team,,1,270000,2,13500000,1,270000,3,1,1,0
Food and Beverage,Male,,0,300000,10,3000000,1,500000,25,1,0,0
Health/Wellness,Male,,0,500000,20,2500000,0,0,0,0,0,0
Children/Education,Female,,0,50000,50,100000,1,50000,50,1,1,0
Health/Wellness,Male,,1,1000000,5,20000000,1,1000000,6.25,1,0,1000000
Food and Beverage,Mixed Team,,1,500000,10,5000000,0,0,0,0,0,0
Health/Wellness,Female,,0,750000,10,7500000,1,750000,20,2,0,0
Health/Wellness,Female,,0,200000,20,1000000,0,0,0,0,0,0
Business Services,Mixed Team,,1,600000,5,12000000,1,600000,9,1,0,0
Software/Tech,Male,,0,500000,7,7142857,1,500000,15,3,0,0
Fashion/Beauty,Male,,0,150000,10,1500000,0,0,0,0,0,0
Children/Education,Mixed Team,,1,125000,20,625000,1,125000,33,1,0,0
Food and Beverage,Male,,0,250000,2.5,10000000,1,250000,5,1,0,0
Health/Wellness,Female,,0,150000,10,1500000,1,150000,10,1,0,0
Lifestyle/Home,Male,,0,150000,10,1500000,0,0,0,0,0,0
Business Services,Male,,1,400000,15,2666667,1,500000,20,2,0,0
Fashion/Beauty,Male,,0,300000,8,3750000,1,300000,13,1,0,0
Health/Wellness,Male,,0,150000,10,1500000,1,150000,5,1,1,0
Fitness/Sports/Outdoors,Mixed Team,,1,250000,10,2500000,1,250000,20,1,1,0
Business Services,Male,,0,150000,20,750000,0,0,0,0,0,0
Health/Wellness,Male,,0,125000,5,2500000,1,125000,5,1,1,0
Food and Beverage,Male,,0,325000,10,3250000,0,0,0,0,0,0
Lifestyle/Home,Male,,0,300000,10,3000000,1,300000,15,1,0,0
Lifestyle/Home,Mixed Team,,1,40000,15,266667,1,40000,30,2,0,0
Food and Beverage,Mixed Team,,1,400000,10,4000000,1,400000,22,1,0,0
Fashion/Beauty,Mixed Team,,1,150000,15,1000000,1,150000,25,1,0,0
Lifestyle/Home,Male,,0,200000,15,1333333,0,0,0,0,0,0
Pet Products,Mixed Team,,1,250000,17,1470588,1,250000,25,1,0,0
Pet Products,Male,,0,500000,2,25000000,1,500000,5,2,0,0
Lifestyle/Home,Male,,1,750000,4,18750000,1,750000,5,1,1,750000
Food and Beverage,Female,,0,100000,10,1000000,1,250000,20,1,0,0
Fitness/Sports/Outdoors,Mixed Team,,1,300000,15,2000000,1,300000,22.5,1,0,0
Business Services,Male,,0,200000,7,2857143,0,0,0,0,0,0
Business Services,Male,,0,150000,10,1500000,1,150000,25,1,0,0
Lifestyle/Home,Male,,0,400000,10,4000000,0,0,0,0,0,0
Lifestyle/Home,Male,,0,150000,15,1000000,1,150000,20,1,0,0
Lifestyle/Home,Male,,0,800000,6,13333333,1,400000,10,1,0,400000
Fashion/Beauty,Male,,0,600000,15,4000000,0,0,0,0,0,0
Children/Education,Female,,0,400000,20,2000000,1,400000,20,1,0,0
Fitness/Sports/Outdoors,Male,,0,125000,20,625000,0,0,0,0,0,0
Health/Wellness,Mixed Team,,1,400000,10,4000000,1,400000,5,1,1,0
Business Services,Mixed Team,,1,100000,10,1000000,0,0,0,0,0,0
Fashion/Beauty,Female,,0,30000,15,200000,1,35000,25,2,0,0
Food and Beverage,Female,,0,100000,20,500000,1,100000,33,1,0,0
Food and Beverage,Male,,0,350000,5,7000000,0,0,0,0,0,0
Food and Beverage,Male,,0,250000,7,3571429,1,500000,25,2,0,0
Children/Education,Mixed Team,,1,350000,7,5000000,1,350000,10,1,0,0
Fitness/Sports/Outdoors,Mixed Team,,1,200000,20,1000000,1,200000,30,1,0,0
Fashion/Beauty,Female,,0,500000,2.5,20000000,1,500000,8,1,0,0
Fitness/Sports/Outdoors,Mixed Team,,1,400000,10,4000000,1,900000,30,2,0,0
Food and Beverage,Male,,0,500000,10,5000000,0,0,0,0,0,0
Food and Beverage,Male,,0,100000,20,500000,1,100000,25,1,0,0
Business Services,Mixed Team,,1,500000,5,10000000,0,0,0,0,0,0
Health/Wellness,Mixed Team,,1,325000,5,6500000,0,0,0,0,0,0
Health/Wellness,Mixed Team,,1,400000,10,4000000,1,400000,10,2,1,0
Food and Beverage,Female,,0,180000,18,1000000,1,180000,20,1,0,0
Business Services,Male,,0,300000,5,6000000,0,0,0,0,0,0
Food and Beverage,Female,,0,200000,8,2500000,0,0,0,0,0,0
Lifestyle/Home,Male,,0,120000,10,1200000,1,120000,25,1,0,0
Children/Education,Female,,0,100000,33.3,300300,1,100000,33.3,1,1,0
Food and Beverage,Female,,0,200000,10,2000000,1,200000,8,1,0,200000
Fitness/Sports/Outdoors,Male,,1,300000,10,3000000,1,150000,10,1,0,150000
Lifestyle/Home,Female,,0,150000,10,1500000,1,150000,25,1,0,0
Lifestyle/Home,Male,,0,100000,14,714286,1,100000,33,3,0,0
Children/Education,Female,,1,1000000,8,12500000,1,1000000,10,1,0,1000000
Business Services,Male,,0,150000,10,1500000,1,150000,30,2,0,0
Lifestyle/Home,Male,,0,115000,15,766667,1,115000,15,1,1,0
Food and Beverage,Female,,0,125000,20,625000,1,125000,30,1,0,0
Fashion/Beauty,Male,,0,300000,10,3000000,1,300000,20,1,0,0
Lifestyle/Home,Female,,0,150000,10,1500000,0,0,0,0,0,0
Fashion/Beauty,Male,,0,200000,15,1333333,1,200000,25,1,0,0
Business Services,Male,,0,100000,20,500000,0,0,0,0,0,0
Food and Beverage,Male,,0,500000,5,10000000,0,0,0,0,0,0
Food and Beverage,Male,,0,750000,5,15000000,0,0,0,0,0,0
Lifestyle/Home,Mixed Team,,1,100000,10,1000000,1,100000,25,1,0,0
Children/Education,Female,,0,90000,15,600000,0,0,0,0,0,0
Lifestyle/Home,Mixed Team,VA,1,250000,10,2500000,0,0,0,0,0,0
Fitness/Sports/Outdoors,Male,LA,0,50000,12,416667,0,0,0,0,0,0
Food and Beverage,Female,TN,0,200000,15,1333333,1,200000,30,1,0,0
Business Services,Female,NY,0,300000,15,2000000,1,300000,15,1,0,200000
Health/Wellness,Female,,0,500000,5,10000000,0,0,0,0,0,0
Software/Tech,Mixed Team,,1,500000,8,6250000,1,500000,20,1,0,0
Lifestyle/Home,Female,,1,100000,10,1000000,1,100000,20,2,0,0
Software/Tech,Female,,0,300000,10,3000000,0,0,0,0,0,0
Fashion/Beauty,Male,,0,100000,10,1000000,0,0,0,0,0,0
Children/Education,Mixed Team,,1,50000,15,333333,1,50000,20,1,0,0
Fashion/Beauty,Male,,1,100000,15,666667,1,100000,35,1,0,0
Fashion/Beauty,Male,,0,100000,20,500000,0,0,0,0,0,0
Business Services,Male,,0,500000,5,10000000,0,0,0,0,0,0
Lifestyle/Home,Male,,0,300000,10,3000000,1,300000,25,1,0,0
Food and Beverage,Male,,1,400000,10,4000000,0,0,0,0,0,0
Lifestyle/Home,Male,,1,75000,15,500000,0,0,0,0,0,0
Fitness/Sports/Outdoors,Mixed Team,,1,400000,7,5714286,1,1000000,25,1,0,0
Children/Education,Female,,0,100000,10,1000000,1,100000,22.5,1,0,0
Food and Beverage,Mixed Team,,1,500000,10,5000000,1,500000,20,1,0,0
Health/Wellness,Male,,1,60000,10,600000,1,60000,20,1,0,0
Business Services,Male,,1,150000,17.5,857143,1,200000,25,1,0,0
Business Services,Mixed Team,,1,1000000,6,16666667,1,1000000,10,2,0,0
Lifestyle/Home,Mixed Team,,1,300000,10,3000000,0,0,0,0,0,0
Lifestyle/Home,Female,OR,0,600000,4,15000000,0,0,0,0,0,0
Lifestyle/Home,Female,,0,500000,5,10000000,1,500000,10,1,0,0
Food and Beverage,Male,,0,150000,10,1500000,1,150000,20,1,0,0
Lifestyle/Home,Female,,0,250000,12,2083333,1,250000,0,1,1,0
Food and Beverage,Female,,0,300000,10,3000000,1,400000,25,1,0,0
Lifestyle/Home,Mixed Team,,1,150000,10,1500000,1,300000,20,2,0,0
Lifestyle/Home,Mixed Team,,1,325000,10,3250000,1,325000,10,1,1,0
Food and Beverage,Mixed Team,,1,125000,10,1250000,0,0,0,0,0,0
Fitness/Sports/Outdoors,Male,,0,900000,2,45000000,1,900000,2.5,1,0,0
Food and Beverage,Male,,1,250000,20,1250000,1,250000,33,1,0,0
Food and Beverage,Mixed Team,,1,200000,8,2500000,0,0,0,0,0,0
Lifestyle/Home,Mixed Team,,1,100000,20,500000,1,100000,25,1,0,0
Electronics,Male,,0,100000,20,500000,1,100000,25,1,0,0
Fitness/Sports/Outdoors,Female,,0,250000,15,1666667,1,250000,25,1,0,0
Health/Wellness,Mixed Team,,1,200000,10,2000000,0,0,0,0,0,0
Fashion/Beauty,Mixed Team,,1,100000,15,666667,1,100000,25,2,0,0
Food and Beverage,Male,,0,750000,20,3750000,1,750000,40,4,0,0
Food and Beverage,Male,,0,300000,10,3000000,1,300000,18,1,0,0
Pet Products,Male,,1,200000,20,1000000,1,200000,40,1,0,0
Food and Beverage,Mixed Team,,1,200000,10,2000000,0,0,0,0,0,0
Lifestyle/Home,Mixed Team,,1,200000,10,2000000,1,200000,25,1,0,0
Fashion/Beauty,Female,,1,150000,10,1500000,1,150000,25,2,0,0
Lifestyle/Home,Mixed Team,,1,200000,10,2000000,1,200000,25,1,0,0
Fitness/Sports/Outdoors,Male,,0,200000,10,2000000,0,0,0,0,0,0
Lifestyle/Home,Female,,0,100000,10,1000000,1,100000,20,1,1,0
Food and Beverage,Female,,0,800000,8,10000000,0,0,0,0,0,0
Automotive,Male,,1,200000,10,2000000,1,200000,20,2,0,0
Lifestyle/Home,Female,,0,225000,15,1500000,1,225000,40,2,0,0
Children/Education,Male,,1,500000,10,5000000,1,500000,25,1,0,0
Food and Beverage,Female,,0,350000,20,1750000,1,350000,30,1,0,250000
Lifestyle/Home,Male,,0,500000,2.5,20000000,0,0,0,0,0,0
Food and Beverage,Mixed Team,,1,50000,10,500000,0,0,0,0,0,0
Fitness/Sports/Outdoors,Male,,1,600000,8,7500000,1,600000,17,1,0,0
Food and Beverage,Mixed Team,,1,200000,10,2000000,1,200000,15,1,0,200000
Fashion/Beauty,Female,,1,250000,5,5000000,0,0,0,0,0,0
Fashion/Beauty,Female,,1,200000,10,2000000,1,250000,30,1,0,250000
Lifestyle/Home,Male,,1,120000,20,600000,1,180000,30,2,0,0
Food and Beverage,Male,,1,200000,5,4000000,1,200000,10,1,0,200000
Food and Beverage,Male,,1,1000000,10,10000000,0,0,0,0,0,0
Food and Beverage,Mixed Team,,1,150000,5,3000000,1,200000,15,1,0,0
Children/Education,Female,,0,120000,10,1200000,1,120000,50,2,0,0
Lifestyle/Home,Male,,1,150000,15,1000000,1,150000,30,1,0,0
Food and Beverage,Mixed Team,,1,60000,20,300000,1,60000,25,1,0,0
Food and Beverage,Female,,0,400000,10,4000000,0,0,0,0,0,0
Health/Wellness,Male,,0,250000,10,2500000,1,300000,20,2,0,0
Lifestyle/Home,Male,,0,212000,10,2120000,0,0,0,0,0,0
Food and Beverage,Mixed Team,,1,125000,5,2500000,1,125000,12.5,1,1,0
Food and Beverage,Male,,0,50000,20,250000,1,50000,25,1,0,0
Food and Beverage,Male,,1,300000,10,3000000,1,300000,20,1,0,0
Fashion/Beauty,Female,,0,500000,5,10000000,0,0,0,0,0,0
Food and Beverage,Mixed Team,,1,400000,5,8000000,1,400000,5,1,0,0
Fashion/Beauty,Mixed Team,,1,50000,30,166667,1,50000,5,1,0,50000
Food and Beverage,Female,,0,100000,10,1000000,1,100000,20,1,0,0
Lifestyle/Home,Female,,1,150000,10,1500000,1,150000,18,1,0,0
Food and Beverage,Mixed Team,,1,300000,10,3000000,1,300000,22,1,0,0
Pet Products,Female,,0,150000,5,3000000,0,0,0,0,0,0
Software/Tech,Female,,0,400000,4,10000000,1,550000,11,1,0,0
Food and Beverage,Male,,0,500000,7,7142857,1,500000,10,2,0,0
Health/Wellness,Female,,0,300000,7,4285714,1,300000,20,1,0,0
Food and Beverage,Male,,1,25000,25,100000,0,0,0,0,0,0
Children/Education,Female,,0,250000,5,5000000,0,0,0,0,0,0
Food and Beverage,Male,,0,250000,5,5000000,1,300000,10,2,0,0
Food and Beverage,Male,,1,150000,15,1000000,0,0,0,0,0,0
Fitness/Sports/Outdoors,Mixed Team,,1,100000,10,1000000,1,100000,35,2,0,0
Uncertain/Other,Mixed Team,,1,100000,10,1000000,1,100000,25,1,0,0
Food and Beverage,Male,,1,1000000,5,20000000,1,1000000,7,1,0,1000000
Fashion/Beauty,Mixed Team,,1,75000,20,375000,0,0,0,0,0,0
Fashion/Beauty,Male,,1,500000,5,10000000,1,500000,12,1,0,0
Automotive,Male,,0,250000,10,2500000,1,250000,15,1,0,150000
Lifestyle/Home,Male,,0,300000,3,10000000,1,300000,6,1,0,0
Uncertain/Other,Mixed Team,,1,150000,15,1000000,1,150000,25,1,0,0
Food and Beverage,Male,,0,150000,7,2142857,0,0,0,0,0,0
Electronics,Male,,1,500000,10,5000000,1,500000,8,2,1,0
Fashion/Beauty,Female,,0,75000,5,1500000,1,100000,20,1,0,0
Lifestyle/Home,Male,,0,75000,10,750000,0,0,0,0,0,0
Fashion/Beauty,Female,,0,100000,20,500000,1,100000,33.3,1,0,0
Pet Products,Mixed Team,NJ,1,600000,10,6000000,1,600000,15,1,0,0
Food and Beverage,Male,,1,500000,5,10000000,1,501000,18,1,0,0
Lifestyle/Home,Mixed Team,,1,200000,10,2000000,1,200000,15,1,0,0
Food and Beverage,Female,,0,100000,20,500000,0,0,0,0,0,0
Health/Wellness,Male,,0,500000,1,50000000,1,1000000,4,2,0,0
Uncertain/Other,Female,NY,0,500000,5,10000000,1,500000,15,1,0,0
Lifestyle/Home,Male,,1,100000,10,1000000,0,0,0,0,0,0
Food and Beverage,Female,,1,150000,10,1500000,0,0,0,0,0,0
Lifestyle/Home,Mixed Team,,1,150000,10,1500000,0,0,0,0,0,0
Business Services,Male,,0,250000,5,5000000,1,250000,25,2,0,0
Food and Beverage,Female,,0,300000,12,2500000,0,0,0,0,0,0
Fashion/Beauty,Male,,1,200000,8,2500000,1,200000,20,2,0,0
Liquor/Alcohol,Male,,1,500000,2,25000000,0,0,0,0,0,0
Lifestyle/Home,Mixed Team,,1,400000,5,8000000,0,0,0,0,0,0
Fitness/Sports/Outdoors,Male,,1,300000,10,3000000,1,300000,25,1,0,0
Food and Beverage,Male,,1,200000,20,1000000,1,100000,22.5,1,0,100000
Lifestyle/Home,Mixed Team,,1,100000,15,666667,1,100000,30,1,0,0
Uncertain/Other,Mixed Team,,1,500000,10,5000000,1,500000,25,1,0,0
Food and Beverage,Female,,0,600000,4,15000000,1,600000,5.5,1,1,0
Lifestyle/Home,Female,,0,200000,10,2000000,1,200000,20,1,0,0
Uncertain/Other,Mixed Team,,1,300000,10,3000000,1,300000,50,1,0,0
Fashion/Beauty,Female,,0,200000,10,2000000,1,200000,30,2,0,0
Food and Beverage,Mixed Team,,1,500000,3,16666667,0,0,0,0,0,0
Lifestyle/Home,Female,,0,150000,15,1000000,0,0,0,0,0,0
Fashion/Beauty,Male,,0,500000,2.5,20000000,0,0,0,0,0,0
Lifestyle/Home,Mixed Team,,1,400000,10,4000000,1,500000,40,4,0,0
Electronics,Male,,1,200000,10,2000000,0,0,0,0,0,0
Food and Beverage,Mixed Team,,1,400000,10,4000000,1,400000,20,1,0,0
Fashion/Beauty,Mixed Team,,1,375000,15,2500000,0,0,0,0,0,0
Children/Education,Mixed Team,,1,100000,8,1250000,1,100000,20,2,0,0
Food and Beverage,Mixed Team,,1,375000,5,7500000,0,0,0,0,0,0
Lifestyle/Home,Mixed Team,,1,50000,10,500000,1,75000,30,3,0,0
Food and Beverage,Male,,0,500000,7,7142857,1,500000,15,1,0,0
Lifestyle/Home,Male,,1,500000,2.5,20000000,1,1000000,6.5,1,0,0
Software/Tech,Mixed Team,,1,300000,20,1500000,1,300000,30,1,0,0
Lifestyle/Home,Female,,1,100000,10,1000000,1,100000,10,1,1,0
Fashion/Beauty,Female,,0,250000,10,2500000,1,250000,17.5,2,0,0
Software/Tech,Female,,0,200000,5,4000000,1,200000,10,1,0,0
Lifestyle/Home,Female,,0,200000,5,4000000,1,200000,10,1,1,0
Software/Tech,Male,,0,150000,20,750000,0,0,0,0,0,0
Fashion/Beauty,Mixed Team,,1,300000,10,3000000,1,300000,20,1,0,0
Food and Beverage,Female,,1,200000,15,1333333,1,200000,25,1,0,0
Lifestyle/Home,Female,,1,150000,10,1500000,1,150000,30,2,0,0
Food and Beverage,Female,,0,300000,10,3000000,0,0,0,0,0,0
Lifestyle/Home,Male,,0,300000,8,3750000,1,300000,33.33,2,0,0
Lifestyle/Home,Male,,1,500000,5,10000000,1,500000,8,1,0,0
Lifestyle/Home,Female,,1,400000,5,8000000,1,500000,15,2,0,0
Fashion/Beauty,Mixed Team,,1,150000,10,1500000,0,0,0,0,0,0
Food and Beverage,Mixed Team,,1,150000,10,1500000,1,150000,15,1,0,0
Lifestyle/Home,Female,,0,200000,20,1000000,1,200000,30,1,0,0
Fashion/Beauty,Mixed Team,,1,90000,5,1800000,0,0,0,0,0,0
Lifestyle/Home,Female,,0,125000,25,500000,1,125000,35,1,0,75000
Lifestyle/Home,Mixed Team,,1,150000,30,500000,0,0,0,0,0,0
Health/Wellness,Male,,0,500000,2.5,20000000,1,500000,3,1,0,0
Food and Beverage,Mixed Team,,1,250000,25,1000000,1,250000,25,2,1,0
Health/Wellness,Female,,0,200000,10,2000000,0,0,0,0,0,0
Lifestyle/Home,Male,,0,200000,10,2000000,1,200000,30,1,0,0
Lifestyle/Home,Male,,1,200000,10,2000000,1,200000,20,2,0,0
Automotive,Male,,1,500000,2.5,20000000,0,0,0,0,0,0
Software/Tech,Mixed Team,,1,500000,15,3333333,0,0,0,0,0,0
Media/Entertainment,Mixed Team,,1,500000,5,10000000,1,500000,30,2,0,0
Lifestyle/Home,Male,,1,350000,2.5,14000000,1,350000,2.5,1,1,0
Food and Beverage,Female,,1,600000,7.5,8000000,0,0,0,0,0,0
Fashion/Beauty,Male,,1,200000,5,4000000,0,0,0,0,0,0
Lifestyle/Home,Female,,0,200000,15,1333333,1,200000,20,2,1,0
Fashion/Beauty,Female,,0,400000,10,4000000,1,400000,15,1,0,0
Lifestyle/Home,Female,,0,500000,10,5000000,0,0,0,0,0,0
Health/Wellness,Mixed Team,,1,250000,10,2500000,1,250000,20,1,0,0
Lifestyle/Home,Male,,0,250000,5,5000000,1,250000,15,1,0,0
Lifestyle/Home,Male,,1,300000,10,3000000,1,300000,15,1,0,0
Health/Wellness,Mixed Team,,1,250000,10,2500000,1,250000,0,1,1,0
Health/Wellness,Male,,1,100000,20,500000,0,0,0,0,0,0
Uncertain/Other,Male,,0,1000000,1,100000000,0,0,0,0,0,0
Fashion/Beauty,Female,,1,150000,6,2500000,1,150000,20,2,0,0
Health/Wellness,Female,,0,75000,40,187500,1,75000,40,1,0,0
Food and Beverage,Mixed Team,,1,300000,10,3000000,0,0,0,0,0,0
Food and Beverage,Female,,0,100000,10,1000000,1,100000,22.5,1,0,0
Fashion/Beauty,Female,,0,300000,5,6000000,1,300000,12,2,1,0
Fitness/Sports/Outdoors,Male,,1,50000,25,200000,1,50000,30,1,0,0
Fashion/Beauty,Female,,0,150000,15,1000000,1,150000,20,1,0,0
Fashion/Beauty,Mixed Team,,1,175000,10,1750000,1,700000,33.3,1,0,500000
Business Services,Mixed Team,,1,1000000,6,16666667,1,1000000,5,1,1,0
Lifestyle/Home,Male,,0,750000,7.5,10000000,0,0,0,0,0,0
Business Services,Mixed Team,,1,300000,5,6000000,1,300000,10,1,0,0
Business Services,Male,,0,600000,6,10000000,1,600000,15,1,0,0
Fashion/Beauty,Mixed Team,,1,225000,2.5,9000000,0,0,0,0,0,0
Pet Products,Female,,0,150000,10,1500000,0,0,0,0,0,0
Food and Beverage,Female,,0,150000,10,1500000,1,150000,33.3,1,0,0
Fitness/Sports/Outdoors,Female,,0,250000,3,8333333,1,250000,10,1,1,0
Lifestyle/Home,Female,,1,300000,15,2000000,1,300000,20,1,0,0
Food and Beverage,Female,,1,500000,2,25000000,1,1000000,7,1,0,0
Children/Education,Female,,0,75000,15,500000,0,0,0,0,0,0
Fashion/Beauty,Female,,0,100000,6,1666667,1,100000,10,2,0,0
Uncertain/Other,Male,,0,300000,10,3000000,1,300000,15,1,0,0
Pet Products,Female,,0,240000,6,4000000,1,240000,6,1,0,0
Business Services,Male,,1,200000,15,1333333,0,0,0,0,0,0
Food and Beverage,Female,,0,500000,5,10000000,1,500000,25,1,0,0
Pet Products,Male,,0,200000,10,2000000,1,200000,22,1,1,0
Children/Education,Mixed Team,,1,300000,15,2000000,0,0,0,0,0,0
Fashion/Beauty,Male,,0,25000,20,125000,1,25000,30,1,0,0
Children/Education,Mixed Team,,1,75000,7.5,1000000,1,100000,25,3,0,75000
Food and Beverage,Male,,1,1000000,3,33333333,1,1000000,5,1,0,0
Health/Wellness,Male,,1,1200000,5,24000000,1,1200000,12,1,0,1200000
Food and Beverage,Male,,1,100000,20,500000,1,100000,20,1,0,0
Fitness/Sports/Outdoors,Male,,0,500000,10,5000000,0,0,0,0,0,0
Food and Beverage,Female,,0,500000,10,5000000,1,500000,17,1,0,0
Business Services,Mixed Team,,1,88000,22,400000,1,100000,22,1,1,0
Food and Beverage,Male,,1,200000,5,4000000,1,200000,20,1,0,200000
Fashion/Beauty,Female,,0,150000,10,1500000,1,150000,20,1,0,0
Fashion/Beauty,Male,,1,600000,5,12000000,1,600000,10,1,0,0
Business Services,Male,,1,100000,10,1000000,0,0,0,0,0,0
Pet Products,Mixed Team,,1,400000,6,6666667,1,400000,10,1,0,0
Liquor/Alcohol,Male,,1,300000,10,3000000,0,0,0,0,0,0
Food and Beverage,Male,,0,500000,5,10000000,1,600000,20,2,0,0
Fitness/Sports/Outdoors,Male,,1,650000,5,13000000,0,0,0,0,0,0
Fitness/Sports/Outdoors,Male,,0,100000,10,1000000,0,0,0,0,0,0
Food and Beverage,Male,,0,2500000,5,50000000,0,0,0,0,0,0
Lifestyle/Home,Mixed Team,,1,200000,5,4000000,1,200000,15,1,0,0
Children/Education,Mixed Team,,1,400000,5,8000000,1,600000,10,2,0,0
Food and Beverage,Male,,0,100000,10,1000000,1,100000,13,1,0,0
Lifestyle/Home,Female,,1,100000,10,1000000,1,100000,15,1,1,0
Electronics,Male,,1,250000,10,2500000,0,0,0,0,0,0
Lifestyle/Home,Male,,0,200000,15,1333333,1,200000,20,2,0,0
Lifestyle/Home,Mixed Team,,1,250000,5,5000000,1,450000,6,2,0,0
Food and Beverage,Male,,1,100000,10,1000000,1,100000,33,1,1,0
Children/Education,Mixed Team,,1,350000,10,3500000,1,350000,20,1,0,0
Lifestyle/Home,Male,,0,300000,10,3000000,0,0,0,0,0,0
Food and Beverage,Mixed Team,,1,200000,10,2000000,0,0,0,0,0,0
Lifestyle/Home,Male,,0,500000,10,5000000,1,500000,10,1,1,0
Lifestyle/Home,Female,,0,500000,10,5000000,0,0,0,0,0,0
Food and Beverage,Female,,0,250000,5,5000000,0,0,0,0,0,0
Children/Education,Male,,1,250000,5,5000000,1,250000,10,1,0,0
Fashion/Beauty,Female,,0,200000,10,2000000,1,200000,25,2,0,0
Children/Education,Female,,1,100000,20,500000,0,0,0,0,0,0
Lifestyle/Home,Male,,1,200000,10,2000000,1,200000,15,2,0,0
Fashion/Beauty,Mixed Team,,1,250000,10,2500000,1,250000,20,1,0,0
Food and Beverage,Male,,0,150000,10,1500000,1,150000,20,2,0,0
Food and Beverage,Male,,0,300000,10,3000000,1,300000,20,1,0,0
Fashion/Beauty,Male,,0,300000,4,7500000,1,1000000,10,2,0,700000
Food and Beverage,Mixed Team,,1,185000,8,2312500,1,225000,15,1,0,0
Fashion/Beauty,Male,,1,200000,5,4000000,1,200000,20,1,0,0
Fitness/Sports/Outdoors,Male,,1,200000,15,1333333,1,200000,30,1,0,0
Lifestyle/Home,Male,,0,300000,10,3000000,1,700000,95,1,0,0
Food and Beverage,Mixed Team,,1,300000,5,6000000,1,300000,9,1,0,0
Lifestyle/Home,Mixed Team,,1,75000,10,750000,1,75000,35,1,0,0
Uncertain/Other,Female,CA,0,150000,15,1000000,1,150000,25,2,0,0
Lifestyle/Home,Male,,0,60000,20,300000,1,60000,20,1,0,0
Lifestyle/Home,Male,,0,150000,10,1500000,1,150000,20,1,0,0
Software/Tech,Male,,1,300000,5,6000000,1,300000,5,1,1,0
Children/Education,Male,,1,100000,10,1000000,1,100000,20,2,0,0
Lifestyle/Home,Male,,1,200000,20,1000000,1,200000,30,1,0,0
Lifestyle/Home,Female,,1,250000,10,2500000,1,250000,18,1,0,0
Food and Beverage,Male,,0,14000,15,93333,0,0,0,0,0,0
Food and Beverage,Mixed Team,,1,300000,3,10000000,1,300000,6,1,1,0
Children/Education,Female,,0,250000,5,5000000,1,250000,12,2,0,0
Lifestyle/Home,Mixed Team,,1,300000,5,6000000,0,0,0,0,0,0
Lifestyle/Home,Female,,0,250000,5,5000000,1,250000,10,2,0,0
Health/Wellness,Male,,1,100000,5,2000000,0,0,0,0,0,0
Food and Beverage,Female,,0,500000,5,10000000,1,500000,6,1,1,0
Health/Wellness,Male,,1,500000,2.5,20000000,1,500000,7,2,1,0
Lifestyle/Home,Mixed Team,,1,500000,5,10000000,0,0,0,0,0,0
Food and Beverage,Male,,0,130000,8,1625000,1,130000,25,1,0,0
Food and Beverage,Male,,0,400000,7,5714286,0,0,0,0,0,0
Health/Wellness,Female,,0,300000,5,6000000,0,0,0,0,0,0
Lifestyle/Home,Female,,0,250000,10,2500000,1,250000,22,2,0,0
Lifestyle/Home,Male,,0,150000,20,750000,1,150000,49,1,0,0
Software/Tech,Male,,0,40000,25,160000,0,0,0,0,0,0
Lifestyle/Home,Male,,1,500000,10,5000000,1,500000,15,1,0,0
Food and Beverage,Female,,0,350000,5,7000000,1,350000,8,1,0,0
Health/Wellness,Female,,1,250000,5,5000000,1,250000,12,1,0,0
Fashion/Beauty,Mixed Team,,1,300000,15,2000000,1,300000,25,1,0,0
Health/Wellness,Female,,0,200000,30,666667,0,0,0,0,0,0
Fashion/Beauty,Male,,0,150000,20,750000,0,0,0,0,0,0
Health/Wellness,Female,,0,150000,10,1500000,1,150000,20,1,1,0
Fashion/Beauty,Female,,0,400000,5,8000000,1,400000,8,1,0,0
Lifestyle/Home,Female,CA,0,250000,12,2083333,1,250000,15,1,0,0
Pet Products,Male,,0,100000,10,1000000,0,0,0,0,0,0
Food and Beverage,Mixed Team,,1,250000,5,5000000,1,250000,16,1,0,0
Children/Education,Female,,1,500000,5,10000000,0,0,0,0,0,0
Automotive,Mixed Team,,1,350000,5,7000000,1,350000,8,1,0,0
Food and Beverage,Mixed Team,,1,200000,10,2000000,1,200000,20,1,0,0
Software/Tech,Male,,1,250000,8,3125000,0,0,0,0,0,0
Automotive,Male,,1,200000,20,1000000,1,200000,40,1,0,0
Software/Tech,Male,,0,1000000,5,20000000,0,0,0,0,0,0
Uncertain/Other,Female,,0,200000,10,2000000,0,0,0,0,0,0
Lifestyle/Home,Male,CO,0,200000,10,2000000,1,200000,12.5,1,0,0
Food and Beverage,Male,,1,250000,6,4166667,1,750000,35,2,0,500000
Food and Beverage,Male,,0,100000,5,2000000,1,100000,20,2,0,100000
Uncertain/Other,Male,,0,400000,5,8000000,1,400000,10,2,1,0
Children/Education,Mixed Team,,1,400000,10,4000000,1,400000,20,2,0,0
Lifestyle/Home,Mixed Team,,1,200000,15,1333333,1,100000,25,1,0,100000
Food and Beverage,Male,,1,500000,5,10000000,0,0,0,0,0,0
Food and Beverage,Female,CO,0,200000,10,2000000,0,0,0,0,0,0
Children/Education,Female,,0,150000,10,1500000,1,150000,20,1,1,0
Food and Beverage,Male,CA,0,500000,5,10000000,1,500000,5,1,0,500000
Fashion/Beauty,Female,,1,250000,5,5000000,0,0,0,0,0,0
Food and Beverage,Male,,1,80000,15,533333,1,80000,20,2,1,0
Fashion/Beauty,Mixed Team,,1,400000,5,8000000,1,400000,10,1,1,0
Fashion/Beauty,Female,,0,250000,10,2500000,0,0,0,0,0,0
Food and Beverage,Male,,0,250000,17,1470588,1,250000,25,1,0,0
Fashion/Beauty,Female,,0,70000,30,233333,1,70000,39,1,0,0
Lifestyle/Home,Male,,0,500000,10,5000000,0,0,0,0,0,0
Lifestyle/Home,Male,,1,25000,5,500000,1,125000,20,5,0,0
Fashion/Beauty,Female,,0,300000,15,2000000,1,300000,12,1,0,0
